time,power/energy-cores/,power/energy-pkg/,power/energy-ram/,alignment-faults,context-switches,cpu-clock,cpu-migrations,dummy,emulation-faults,major-faults,minor-faults,page-faults,task-clock,L1-dcache-load-misses,L1-dcache-loads,L1-dcache-prefetch-misses,L1-dcache-store-misses,L1-dcache-stores,L1-icache-load-misses,LLC-load-misses,LLC-loads,LLC-prefetch-misses,LLC-prefetches,LLC-store-misses,LLC-stores,branch-load-misses,branch-loads,dTLB-load-misses,dTLB-loads,dTLB-store-misses,dTLB-stores,iTLB-load-misses,iTLB-loads,node-load-misses,node-loads,node-prefetch-misses,node-prefetches,node-store-misses,node-stores,branch-instructions,branch-misses,bus-cycles,cache-misses,cache-references,cpu-cycles,instructions,mem-loads,mem-stores,ref-cycles,stalled-cycles-frontend,uncore_imc_0/cas_count_read/,uncore_imc_0/cas_count_write/,uncore_imc_0/clockticks/,uncore_imc_1/cas_count_read/,uncore_imc_1/cas_count_write/,uncore_imc_1/clockticks/,uncore_imc_2/cas_count_read/,uncore_imc_2/cas_count_write/,uncore_imc_2/clockticks/,uncore_imc_3/cas_count_read/,uncore_imc_3/cas_count_write/,uncore_imc_3/clockticks/,time,"usr","sys","idl","wai","stl","read","writ","in","out","49","50","51","1m","5m","15m","used","free","buff","cach","recv","send","run","blk","new","read","writ","used","free","time","int","csw"
2020-07-21 18:01:56,20.08,44.36,10.15,0,4380,16287.860536,898,0,0,0,123147,123043,16256.352865,23985454,456813147,3181031,5929831,304883825,23732800,1730031,9415012,352771,3654080,1850886,4222953,10356336,321115951,4392094,474140702,551424,308624462,859719,169901,700466,724154,140767,174727,267461,387409,268647723,10639203,148693888,3214326,24856018,2338228658,1758249233,0,198105087,2988780941,1580048800,25.94,18.38,1612326333,56.74,50.94,1612264844,54.97,49.26,1612178921,22.65,17.45,1612121702,2020-07-21 18:01:56,3.831,2.922,93.182,0.065,0,16384,0,0,0,0,0,6,0.870,0.320,0.150,2055118848,121459302400,3284992,11203956736,460,0,2,0,308,1,0,0,4294963200,21-07 18:01:56,16621,4187
2020-07-21 18:01:57,19.82,43.94,10.11,0,4559,16175.559794,968,0,0,0,129394,129402,16175.733921,24055176,425722661,3056615,5739769,310474373,24017888,1660954,9265316,427543,3520026,1713083,4734350,10254178,247612537,4689960,385259342,565787,294795633,862285,173501,713587,816324,208938,252886,388408,531771,265937648,10633613,151175900,3515565,25796627,2371021263,1612803566,0,217082047,3012041945,1602717676,27.16,19.28,1611304882,58.34,52.13,1611322636,56.52,50.18,1611316878,24.39,18.48,1611312985,2020-07-21 18:01:57,3.388,3.322,93.290,0,0,0,101888,0,0,1,0,8,0.870,0.320,0.150,2052812800,121461784576,3284992,11203702784,676,0,1,0,341,0,10,0,4294963200,21-07 18:01:57,16691,4599
2020-07-21 18:01:58,20.42,44.44,9.70,0,3930,16113.764257,782,0,0,0,107881,107873,16111.869658,27237085,511411621,3390932,5532439,303157862,22101376,1497298,8807989,152060,3831733,1560039,3900458,9701881,348473842,3890413,524882775,485578,306617197,743846,128855,583957,603841,227636,386165,353306,467350,291293170,11514603,149767159,3221687,23815614,2509711145,2101795780,0,221122739,3043793832,1658298342,22.12,14.70,1610438829,53.37,47.24,1610405320,52.17,45.75,1610393463,19.76,14.01,1610379045,2020-07-21 18:01:58,4.283,2.336,93.381,0,0,0,4096,0,0,0,0,11,0.870,0.320,0.150,2050629632,121462718464,3284992,11204952064,695,0,3,0,270,0,1,0,4294963200,21-07 18:01:58,16521,3890
2020-07-21 18:01:59,20.02,44.03,9.77,0,3862,16097.384519,790,0,0,0,103324,103325,16098.192134,26628058,498613980,3229013,5298782,301435234,22079120,1578424,8677831,184865,4314897,1661830,3916688,8837726,271415309,3979609,469169165,506626,289128371,769160,139946,617680,627651,114091,142966,201084,340306,315073897,8798946,148826158,3203875,23116151,2425070056,2172378247,0,210508805,3019784146,1594179472,22.90,15.15,1609525437,54.14,47.74,1609529766,52.60,46.10,1609535723,20.50,14.43,1609542237,2020-07-21 18:01:59,4.159,2.534,93.307,0,0,0,3022848,0,0,1,0,7,0.870,0.320,0.150,2050838528,121462497280,3284992,11204964352,992,0,2,0,269,0,37,0,4294963200,21-07 18:01:59,16413,3837
2020-07-21 18:02:00,19.75,43.73,9.76,0,3669,16095.164346,738,0,0,0,97485,97507,16095.726768,26056613,508698448,3216808,5159706,301502758,21192483,1636066,8531552,334720,3497367,1583202,3625251,8536623,287683331,3501271,468226530,456090,279799093,706449,140898,579577,673670,149816,192014,298639,345335,271374972,8799734,149321510,3191856,23490748,2396864939,2105722455,0,207650258,3039672597,1552089069,22.81,14.76,1610228324,53.78,47.02,1610251359,52.12,45.40,1610272212,20.46,14.00,1610294352,2020-07-21 18:02:00,4.159,2.404,93.437,0,0,0,51200,0,0,0,4,13,0.880,0.330,0.160,2051559424,121461755904,3284992,11204972544,811,0,2,0,253,0,5,0,4294963200,21-07 18:02:00,16541,3636
2020-07-21 18:02:01,20.14,44.15,9.92,0,3765,16103.550039,741,0,0,0,101125,101102,16104.634170,26161064,517481980,3171778,5101457,310801402,21360834,1533464,8490964,158059,3359303,1814088,4434637,10353147,282225202,4028967,438857973,519300,300727434,777892,231732,756529,832794,162215,230782,273108,377423,300730457,9262123,148550818,3227292,23611288,2414916758,2124050999,0,202793898,2990227651,1568968949,23.79,15.44,1610294394,54.81,47.92,1610294653,53.06,46.16,1610341804,21.24,14.55,1610328180,2020-07-21 18:02:01,4.353,2.469,93.177,0,0,0,4096,0,0,1,0,9,0.880,0.330,0.160,2050990080,121462308864,3284992,11204984832,580,0,2,0,263,0,1,0,4294963200,21-07 18:02:01,16550,3735
2020-07-21 18:02:02,19.04,43.04,10.11,0,4158,16107.235547,824,0,0,0,114916,114916,16106.366256,21536780,408155639,2769541,5270662,285742894,22590579,1528279,8660859,152553,3228489,1618578,4168419,9523219,265174906,3930218,411971392,481030,281268740,774191,154653,618314,690125,173738,199288,355881,439329,268881230,10656144,155077111,3347121,24272690,2214082696,1536929577,0,187410623,3081730882,1508827001,23.73,15.38,1610947040,55.44,48.39,1610935109,53.78,46.75,1610875128,20.84,14.52,1610875550,2020-07-21 18:02:02,3.314,3.444,93.242,0,0,0,33792,0,0,0,0,6,0.880,0.330,0.160,2052722688,121461510144,3284992,11204067328,695,0,2,0,309,0,4,0,4294963200,21-07 18:02:02,16537,4232
2020-07-21 18:02:03,19.61,43.62,10.01,0,4296,16112.501529,888,0,0,0,121906,121926,16111.297660,21143527,386459198,2697091,5509637,292175500,23520223,1545803,9120747,183006,3457932,1612659,4308231,10411101,266187615,4444689,400218079,492580,303647241,900586,150811,656910,683391,164699,170339,282205,406722,269334095,10029539,149157389,3179618,24015616,2241063798,1496058244,0,201955011,2986500250,1549506248,22.93,14.71,1610481132,55.53,47.84,1610467992,53.32,45.98,1610459187,20.59,14.09,1610449249,2020-07-21 18:02:03,3.578,3.058,93.364,0,0,0,4096,0,0,1,0,6,0.880,0.330,0.160,2050310144,121462972416,3284992,11205005312,819,0,2,0,297,0,1,0,4294963200,21-07 18:02:03,16670,4141
2020-07-21 18:02:04,20.04,44.07,9.88,0,3934,16096.806608,769,0,0,0,103078,103058,16096.827150,26078322,483499775,3148937,4943038,294140561,21732116,1458389,8505464,198164,3295528,1617645,3776008,9159263,301609847,3966556,478391761,499825,289684576,796032,212638,753193,781436,155983,168922,236209,464357,286689356,9083688,151217778,3419778,23586084,2410046047,2086777452,0,195352795,2959839020,1569462389,23.11,14.88,1609234241,54.07,47.15,1609239043,52.44,45.64,1609238267,20.38,14.11,1609239213,2020-07-21 18:02:04,4.221,2.468,93.312,0,0,0,34816,0,0,0,0,9,0.880,0.330,0.160,2051645440,121461886976,3284992,11204702208,879,0,2,0,269,0,3,0,4294963200,21-07 18:02:04,16593,3917
2020-07-21 18:02:05,20.07,44.03,9.73,0,3685,16094.459603,742,0,0,0,98513,98515,16106.992560,26385710,479984246,3275267,5214839,305344855,21606954,1445759,8761847,176598,3695803,1806700,3666262,9123354,265839520,3469132,428637003,455747,286915951,669841,233342,594792,579635,121405,191053,263535,524211,297708734,8932896,149702892,3368371,23653293,2374792739,1990337297,0,189354619,3008307029,1605457838,22.22,14.34,1610935753,53.41,46.89,1610931384,51.56,45.20,1610983301,19.71,13.56,1610977052,2020-07-21 18:02:05,4.167,2.409,93.424,0,0,0,34816,0,0,1,0,6,0.890,0.340,0.160,2050109440,121463132160,3284992,11205025792,759,0,2,0,256,0,3,0,4294963200,21-07 18:02:05,16515,3659
2020-07-21 18:02:06,20.03,44.01,9.67,0,3801,16097.357512,777,0,0,0,100034,100053,16084.391187,23183023,455976286,3004146,5242498,294674097,21684651,1488985,8884122,190682,3475154,1573480,3970178,8905498,297098929,3631142,489225884,468056,302568251,753096,151412,611804,629207,160359,189706,350026,411105,289609661,9473088,150545423,3331356,23257838,2346632779,1884813043,0,201744671,2990294117,1553768052,23.43,15.24,1607760018,54.96,48.00,1607765821,53.15,46.28,1607719584,21.12,14.60,1607728594,2020-07-21 18:02:06,4.291,2.406,93.303,0,0,0,4096,0,0,0,0,7,0.890,0.340,0.160,2050252800,121462968320,3284992,11205038080,1470,0,2,0,260,0,1,0,4294963200,21-07 18:02:06,16572,3768
2020-07-21 18:02:07,19.61,43.58,9.83,0,3746,16081.424064,755,0,0,0,100333,100312,16082.444263,25569470,473836122,3028769,4964956,296947602,21056712,1520856,8433874,204116,3471604,1717776,4064246,8368695,300745405,3623135,486250060,455478,292754811,721667,145270,630288,649426,158913,228576,237072,327997,307768118,8855835,149717426,3157729,23098810,2341579708,2098497594,0,195045838,2994958392,1527922684,21.88,13.57,1608454624,53.48,46.31,1608454241,51.96,44.61,1608453586,19.57,12.84,1608455019,2020-07-21 18:02:07,4.096,2.731,93.173,0,0,0,33792,0,0,1,0,11,0.890,0.340,0.160,2052485120,121461657600,3284992,11204120576,991,0,2,0,282,0,4,0,4294963200,21-07 18:02:07,16542,3941
2020-07-21 18:02:08,20.11,44.09,10.08,0,4596,16096.897665,958,0,0,0,130056,130056,16108.320073,22923501,439642841,2835633,6008332,299823362,23608201,1601362,8979261,200715,3682005,1751087,4565314,10700468,285699981,4589219,432139886,530703,297753241,930677,168016,816177,875181,207125,229914,325936,525197,298624176,11945660,151352073,3404389,25316793,2420898224,1766602673,0,225190281,2993578660,1619529231,26.02,17.30,1611642616,57.39,49.95,1611649674,55.59,48.01,1611655715,24.13,16.99,1611660999,2020-07-21 18:02:08,3.709,2.928,93.364,0,0,0,35328,0,0,0,0,8,0.890,0.340,0.160,2052444160,121461694464,3284992,11204136960,691,0,2,0,340,0,3,0,4294963200,21-07 18:02:08,16548,4594
2020-07-21 18:02:09,19.21,43.24,9.87,0,4111,16114.860379,817,0,0,0,116760,116760,16104.265116,22812314,401887533,2940958,5387760,293218590,23024162,1478861,9008957,157772,3257118,1606045,3976751,9774771,261963951,4069471,402505385,491704,289352999,822151,158922,580285,602201,146328,181895,248169,358752,241268229,11089467,152104907,3140057,24227090,2212387705,1467051141,0,195777221,3054213533,1532112783,20.59,13.56,1610280229,52.29,46.34,1610286836,50.82,44.91,1610293979,18.71,13.11,1610303865,2020-07-21 18:02:09,3.894,2.661,93.446,0,0,0,4096,0,0,1,0,8,0.890,0.340,0.160,2051010560,121462161408,3284992,11205070848,628,0,2,0,276,0,1,0,4294963200,21-07 18:02:09,16637,3883
2020-07-21 18:02:10,19.98,43.99,9.80,0,3854,16109.513761,762,0,0,0,102707,102734,16108.165723,24153892,454841506,2910846,5292298,291486180,20915721,1531304,8466358,237808,3422203,1682663,3792959,9478457,316053119,3928559,481663004,472875,286136798,767193,183746,599163,645322,156484,192512,326816,406094,368704500,9990168,153844743,3191446,23468034,2452501442,2198892633,0,205115424,2976727231,1543146065,22.87,14.90,1609812041,54.11,47.40,1609805954,52.40,45.66,1609826113,20.90,14.40,1609852339,2020-07-21 18:02:10,4.221,2.468,93.312,0,0,0,34816,0,0,0,0,13,0.820,0.340,0.160,2050564096,121462591488,3284992,11205083136,1244,54,2,0,264,0,3,0,4294963200,21-07 18:02:10,16553,3788
2020-07-21 18:02:11,21.07,45.05,9.79,0,3942,16095.626806,811,0,0,0,107556,107540,16094.568994,23984734,470723701,3022672,5628628,302390541,22610621,1573908,9016908,236031,3373607,1683040,3934735,9913665,326992840,3948966,527165071,495660,314754434,796395,166492,635054,658549,127683,199148,333164,349529,284839211,9904021,145396886,3161788,23360945,2431067914,1937132023,0,206666589,2883358181,1591665749,22.96,14.80,1609314581,54.52,47.57,1609295917,52.69,45.83,1609247922,20.47,13.97,1609193294,2020-07-21 18:02:11,4.286,2.468,93.247,0,0,0,4096,0,0,1,0,7,0.820,0.340,0.160,2050101248,121463046144,3284992,11205091328,1471,0,2,0,274,0,1,0,4294963200,21-07 18:02:11,16513,3855
2020-07-21 18:02:12,20.65,44.62,9.81,0,3819,16068.497428,784,0,0,0,103662,103660,16071.757027,26417451,489062644,3190880,5269834,303163329,21665005,1500287,8838114,173403,3710756,1648963,3785110,9442199,322964293,3816524,484702656,484048,308104047,769114,221607,800376,831679,137753,181145,258059,344099,290311280,9117671,146584331,3258270,23839082,2425868232,2101756754,0,195936735,2928953491,1584636751,23.28,15.19,1607885508,54.88,47.91,1607912583,52.91,46.08,1607942409,20.86,14.41,1607968790,2020-07-21 18:02:12,4.226,2.471,93.303,0,0,0,37888,0,0,0,0,7,0.820,0.340,0.160,2050867200,121462263808,3284992,11205103616,992,0,2,0,275,0,5,0,4294963200,21-07 18:02:12,16565,3838
2020-07-21 18:02:13,19.37,43.38,9.72,0,3508,16109.669172,665,0,0,0,93277,93268,16108.886815,25024674,467540412,3100413,4732182,286540046,20995560,1472803,8739825,181590,3455157,1743848,4276589,11828027,270338989,3592274,435623379,448189,292354411,668746,202567,574919,598801,151246,177505,222798,263803,300277722,8642565,150191966,3051027,22114019,2284231611,1990360575,0,185645227,3036357156,1520150001,21.22,13.70,1611390619,52.64,46.18,1611384090,51.12,44.73,1611377381,19.46,13.31,1611374127,2020-07-21 18:02:13,3.713,2.932,93.355,0,0,0,31232,0,0,1,0,12,0.820,0.340,0.160,2053697536,121460662272,3284992,11203874816,811,0,2,0,275,0,2,0,4294963200,21-07 18:02:13,16484,3848
2020-07-21 18:02:14,19.20,43.21,9.76,0,4717,16110.367987,986,0,0,0,130270,130270,16109.298696,18564619,396299879,2289832,5297161,288906953,22598150,1537618,8602555,220258,3292063,1890542,4635311,11062910,281622135,4933316,389615094,574311,290172134,931420,157037,764484,811805,162517,220111,346276,462627,276353155,10782993,150472981,3357581,25499618,2232761271,1506982793,0,201453883,2975661136,1513578275,25.42,16.39,1609910354,56.24,48.88,1609933141,54.16,46.97,1609921703,22.37,15.38,1609909782,2020-07-21 18:02:14,3.383,3.318,93.299,0,0,0,35328,0,0,0,0,7,0.820,0.340,0.160,2051371008,121462976512,3284992,11203887104,811,0,2,0,331,0,3,0,4294963200,21-07 18:02:14,16681,4601
2020-07-21 18:02:15,20.51,44.51,9.67,0,4012,16097.093614,808,0,0,0,114185,114201,16096.598502,26449414,474483293,3230519,5273443,317401566,22968212,1489307,9007427,204378,3309789,1656425,4193573,12379603,277223834,4159061,425364299,506440,304123841,782517,163526,573660,596001,144481,190324,280110,387179,283602303,9887155,147088159,3194164,24409216,2394851728,1896846392,0,218937273,2921311878,1592549635,22.30,14.17,1608911516,53.39,46.73,1608886572,52.04,45.19,1608895210,19.62,13.41,1608901485,2020-07-21 18:02:15,4.351,2.338,93.312,0,0,0,4096,0,0,1,0,8,0.750,0.330,0.160,2049884160,121463218176,3284992,11205128192,931,42,1,0,261,0,1,0,4294963200,21-07 18:02:15,16592,3703
2020-07-21 18:02:16,20.05,44.02,9.67,0,3815,16082.314911,759,0,0,0,98998,98982,16082.285294,23034946,444693344,2942543,5176480,286095900,21085008,1605698,9246943,246207,3884852,1721434,4133695,9316561,295235741,3934279,481441484,485245,292449689,712169,132480,582703,628963,160989,180817,290970,427926,307135649,9404734,153617465,3316389,23634824,2360323272,1925006742,0,197633963,3048058837,1539528346,23.46,15.23,1608678935,54.78,47.92,1608724421,53.20,46.35,1608712597,21.38,14.63,1608703372,2020-07-21 18:02:16,4.224,2.599,93.177,0,0,0,4096,0,0,0,0,11,0.750,0.330,0.160,2051403776,121461653504,3284992,11205144576,632,0,2,0,258,0,1,0,4294963200,21-07 18:02:16,16478,3765
2020-07-21 18:02:17,20.03,44.00,9.47,0,3787,16079.383633,752,0,0,0,99545,99555,16078.697797,25185554,462576129,2937512,5077526,289346721,20848724,1605668,8568370,160295,4355760,1831004,4010597,8827157,296669805,3917170,487643375,499563,295750514,775147,145045,607195,625528,101642,145893,243034,447245,338325415,8475376,149049310,3257043,22913666,2358666446,2149177754,0,198142879,2989069478,1532857462,22.74,14.88,1607367804,54.28,47.57,1607309192,52.80,46.03,1607307472,20.74,14.11,1607305508,2020-07-21 18:02:17,4.159,2.469,93.372,0,0,0,38400,0,0,1,4,15,0.750,0.330,0.160,2051915776,121461125120,3284992,11205160960,1159,0,2,0,258,0,5,0,4294963200,21-07 18:02:17,16569,3745
2020-07-21 18:02:18,19.76,43.71,9.61,0,3444,16068.244807,659,0,0,0,89247,89251,16070.247567,24946408,462757706,3031174,4514717,276087314,19202683,1411478,7982780,189837,3191891,1632015,3443946,8308263,288619836,3506892,477943339,406006,290932843,868986,143368,658930,708105,349611,289584,261623,337626,270385239,7940477,147073748,3226904,21951577,2270271499,2006308867,0,191389120,2951911942,1477519788,20.94,13.84,1607756396,52.48,46.50,1607753965,51.36,45.03,1607753096,19.41,13.44,1607750918,2020-07-21 18:02:18,3.911,2.738,93.351,0,0,0,91648,0,0,0,0,6,0.750,0.330,0.160,2053447680,121460539392,3284992,11204239360,759,0,2,0,256,0,9,0,4294963200,21-07 18:02:18,16501,3618
2020-07-21 18:02:19,19.37,43.33,10.14,0,4355,16079.191899,859,0,0,0,121058,121044,16077.441785,19856952,386127233,2402783,5248173,278025849,22765311,1582126,8600211,204988,3295776,1910839,4619509,10636639,285845638,4542291,409984186,528087,287018977,1299018,151845,757169,782442,151057,203508,276984,379089,302986901,9944768,150870021,3295779,24547149,2290241201,1640653120,0,190239110,2962316506,1536912487,24.16,15.53,1607637983,55.44,47.95,1607639401,53.39,46.06,1607640278,22.01,14.94,1607640732,2020-07-21 18:02:19,3.385,3.451,93.164,0,0,0,39424,0,0,1,0,9,0.750,0.330,0.160,2053799936,121460494336,3284992,11203923968,520,0,2,0,341,0,4,0,4294963200,21-07 18:02:19,16670,4658
2020-07-21 18:02:20,20.06,44.04,9.74,0,4226,16081.212600,883,0,0,0,121604,121607,16082.913169,25185041,452534852,3145144,5497867,307748172,22989938,1597130,8922014,325535,3352091,1652996,4195516,10054057,272482693,4350237,418178427,519862,299621772,897887,166339,694927,740319,168815,218383,303903,397376,278908774,9841539,146531274,3169558,24320170,2344129839,1800889417,0,223740988,2955553453,1587165283,23.67,15.06,1608686423,55.19,47.83,1608709035,53.35,46.07,1608732582,21.21,14.34,1608755263,2020-07-21 18:02:20,4.096,2.471,93.433,0,0,0,4096,0,0,0,0,7,0.770,0.340,0.160,2049536000,121463463936,3284992,11205185536,627,0,1,0,266,0,1,0,4294963200,21-07 18:02:20,16612,3751
2020-07-21 18:02:21,19.89,43.90,9.56,0,3741,16097.862317,743,0,0,0,99793,99790,16099.073690,25562822,487328568,3099469,5080270,292661248,21871774,1515094,8611856,508329,3659279,1835815,3973267,9609222,267642640,3604414,458933107,478559,291783569,1500900,149272,622545,655735,148670,162146,233957,374196,294746570,8904496,148756484,3090342,22546099,2373254907,2086890806,0,192561639,2972918074,1552470217,22.56,14.99,1609603670,53.67,47.56,1609603336,52.14,45.98,1609603631,20.34,14.36,1609607240,2020-07-21 18:02:21,4.226,2.471,93.303,0,0,0,4096,0,0,1,0,6,0.770,0.340,0.160,2049052672,121463930880,3284992,11205206016,516,0,2,0,257,0,1,0,4294963200,21-07 18:02:21,16525,3698
2020-07-21 18:02:22,19.39,43.39,9.60,0,3437,16095.726767,671,0,0,0,88613,88618,16095.458657,23752061,459832133,2889669,4414136,281278391,19231411,1454774,8436826,208055,3458912,1616165,3725067,9214547,295425835,3578849,454199828,439553,279120094,1115555,222376,545777,574736,158215,213754,274923,431483,282341548,8526036,151275524,3269457,22821095,2268576290,1955802418,0,175763460,3012474744,1477928996,20.71,13.81,1609945922,51.96,46.42,1609935172,50.53,44.97,1609922835,18.36,13.10,1609907640,2020-07-21 18:02:22,4.300,2.476,93.225,0,0,0,38912,0,0,0,0,11,0.770,0.340,0.160,2050527232,121462505472,3284992,11205210112,936,298,2,0,235,0,5,0,4294963200,21-07 18:02:22,16492,3443
2020-07-21 18:02:23,18.48,42.46,9.65,0,3288,16093.975592,639,0,0,0,84678,84691,16090.680432,23956850,443323800,2855177,4490998,270582903,19626870,1488077,8247062,148048,4106768,1753437,3782508,7884663,256053173,3405624,458638326,429586,280652173,655341,110237,683878,666415,110212,150922,176838,244334,252489793,7777890,148888866,2941432,20800870,2139755510,1883392441,0,171393784,3009374545,1420058887,20.26,13.18,1607509910,51.29,45.49,1607500147,49.84,43.90,1607490798,18.15,12.48,1607482625,2020-07-21 18:02:23,3.444,3.249,93.307,0,0,0,31744,0,0,1,0,7,0.770,0.340,0.160,2051571712,121462374400,3284992,11204296704,1267,0,2,0,265,0,2,0,4294963200,21-07 18:02:23,16605,3720
2020-07-21 18:02:24,20.06,44.03,10.03,0,4572,16078.492207,954,0,0,0,128358,128340,16082.068097,22264024,421130863,2805002,6000845,296340198,24754130,1696356,9510439,203591,3791475,1736178,4508301,10767811,300164439,4445588,426743377,560768,300863498,851212,182298,674065,716344,165423,178258,307891,378721,309601336,10247956,145079547,3285729,24943148,2337050777,1750719838,0,207621602,2933451487,1587572727,25.08,16.20,1609304929,56.72,48.67,1609300524,53.99,46.66,1609296796,21.84,15.01,1609293922,2020-07-21 18:02:24,3.583,2.997,93.420,0,0,0,39936,0,0,0,0,5,0.770,0.340,0.160,2051411968,121462566912,3284992,11204263936,820,0,3,0,341,0,4,0,4294963200,21-07 18:02:24,16566,4617
2020-07-21 18:02:25,19.72,43.75,9.93,0,4377,16098.243928,924,0,0,0,123265,123269,16097.360186,24902074,432048530,3046954,5549443,308067579,22969338,1502477,9039868,180823,3512649,1714989,4615574,10159493,272602371,4368671,417646316,534919,309350701,846952,240780,678064,736675,226832,249428,309890,473567,277771986,10699143,152480529,3373287,25471457,2389255772,1694982244,0,209685081,3036018214,1625206515,24.01,15.47,1609817283,55.68,48.43,1609823508,53.68,46.65,1609831214,21.52,14.95,1609837566,2020-07-21 18:02:25,4.156,2.532,93.312,0,0,0,4096,0,0,1,0,11,0.790,0.350,0.170,2050621440,121462382592,3284992,11205234688,755,0,2,0,257,0,1,0,4294963200,21-07 18:02:25,16642,3782
2020-07-21 18:02:26,20.13,44.13,9.66,0,3718,16098.867072,736,0,0,0,98217,98233,16097.143795,25840970,483807920,3160081,5051880,298954237,21046729,1393456,8495060,182587,3227038,1579860,3812180,9245640,266514822,3597678,437534795,458984,283672918,752503,245803,553883,704625,145956,186579,268763,370498,292235972,9154633,153418506,3275274,23696711,2398625521,1968170547,0,188285428,3003609295,1558758743,21.28,13.83,1608706931,52.83,46.51,1608706224,51.11,44.95,1608732201,18.93,13.13,1608730878,2020-07-21 18:02:26,4.031,2.796,93.173,0,0,0,4096,0,0,0,0,7,0.790,0.350,0.170,2050871296,121462083584,3284992,11205255168,452,0,2,0,256,0,1,0,4294963200,21-07 18:02:26,16579,3669
2020-07-21 18:02:27,19.97,43.92,9.48,0,3748,16068.262784,736,0,0,0,98054,98041,16069.060266,25496232,495999393,3120622,5132672,294237632,21493306,1522698,8835998,572463,3621145,1829706,4090248,9388761,257715015,3595110,451324777,481136,285667784,708981,106584,658741,688753,182073,216928,348498,352277,314578368,9053910,153117496,3099924,23033140,2363293174,2162610263,0,206755373,3008982142,1514856541,23.01,14.93,1606852611,54.40,47.49,1606850452,52.58,45.93,1606853412,20.54,14.10,1606875611,2020-07-21 18:02:27,4.224,2.469,93.307,0,0,0,264192,0,0,1,0,7,0.790,0.350,0.170,2052673536,121460600832,3284992,11204947968,1171,42,2,0,254,0,22,0,4294963200,21-07 18:02:27,16557,3719
2020-07-21 18:02:28,19.67,43.66,9.60,0,3530,16090.400906,685,0,0,0,91796,91810,16088.899586,22782979,445288275,2716729,5019861,287354929,19874134,1497220,8746209,228023,4009316,1609436,3609151,8863980,292828245,3607184,455245485,454638,277926073,682773,122981,560098,608791,147312,139535,323562,436517,342453782,9648892,160198294,3275174,23461823,2362911405,2073339094,0,199482330,3072024767,1495362450,22.19,14.29,1608860548,53.38,46.55,1608856232,51.79,45.13,1608815674,20.03,13.60,1608783230,2020-07-21 18:02:28,4.029,2.599,93.372,0,0,0,33792,0,0,0,0,9,0.790,0.350,0.170,2052710400,121461157888,3284992,11204354048,583,0,2,0,256,0,4,0,4294963200,21-07 18:02:28,16470,3656
2020-07-21 18:02:29,20.26,44.23,9.86,0,4039,16066.612556,814,0,0,0,111483,111462,16067.093255,24453510,461766276,2964410,4883414,286998530,21988647,1492986,8919162,212994,3534794,1616652,3959644,9695244,299595056,4245632,478836156,522443,295686023,863316,180406,714791,770681,421414,335875,261554,379615,280299435,9491778,147162065,3235505,24403686,2354096781,1931494384,0,198794528,2895313902,1536505374,22.92,14.72,1606431402,54.22,46.89,1606456614,52.94,45.55,1606480787,21.08,14.12,1606505879,2020-07-21 18:02:29,3.448,3.253,93.299,0,0,0,39936,0,0,1,0,6,0.790,0.350,0.170,2052472832,121461399552,3284992,11204358144,696,0,2,0,341,0,4,0,4294963200,21-07 18:02:29,16620,4633
2020-07-21 18:02:30,19.89,43.84,10.05,0,4590,16079.121066,963,0,0,0,130752,130752,16078.616376,22096295,401885405,2808243,6075755,297699525,23933691,1713836,9157170,216071,3373418,1694141,4590015,10586772,292187782,4593999,419922416,548938,292579807,853300,173091,750770,800894,292944,376432,382734,457575,291355426,10778418,153731742,3452943,26163951,2380700598,1595593903,0,203868886,3028043669,1625080387,26.78,17.86,1608281002,58.65,50.96,1608256565,56.77,49.02,1608290528,24.19,17.32,1608269659,2020-07-21 18:02:30,4.026,2.597,93.377,0,0,0,0,0,0,0,0,7,0.810,0.370,0.170,2049675264,121463238656,3284992,11205296128,1222,0,1,0,285,0,0,0,4294963200,21-07 18:02:30,16503,3984
2020-07-21 18:02:31,19.90,43.87,9.61,0,3922,16078.068929,767,0,0,0,108248,108248,16079.667334,23163963,428086813,2911861,5111616,294883063,22221922,1463816,9236737,192311,3525744,1583135,3742693,9850855,292017882,4036427,453931984,449737,301600673,771597,120926,559653,575892,119078,121909,243845,328048,285662437,9518325,151797648,3163431,23937726,2339365673,1757146465,0,211527370,3059593487,1554652312,21.45,13.32,1608201864,52.60,45.78,1608205065,51.02,44.36,1608153097,18.76,12.35,1608156461,2020-07-21 18:02:31,4.229,2.472,93.299,0,0,0,4096,0,0,1,0,9,0.810,0.370,0.170,2050093056,121462718464,3284992,11205349376,939,0,2,0,266,0,1,0,4294963200,21-07 18:02:31,16621,3759
2020-07-21 18:02:32,20.07,44.06,9.63,0,3779,16098.343590,761,0,0,0,100902,100920,16096.844669,26010901,501126480,3245240,5218696,292278490,21425839,1569428,8581243,594562,4188916,1667255,3915633,8926325,262593062,3665536,461674053,464322,282819503,719299,117923,539704,571489,161775,188890,307559,422363,283729106,8835536,150272978,3173700,22983875,2396006423,2154236106,0,213308469,3051479038,1567699537,22.37,14.40,1609027747,54.21,47.20,1609025899,52.15,45.47,1609022096,20.14,13.71,1609018352,2020-07-21 18:02:32,4.215,2.529,93.256,0,0,0,38912,0,0,0,0,8,0.810,0.370,0.170,2050084864,121462775808,3284992,11205316608,568,0,2,0,253,0,5,0,4294963200,21-07 18:02:32,16543,3658
2020-07-21 18:02:33,20.33,44.31,9.56,0,3663,16067.013514,734,0,0,0,97867,97868,16067.674455,25233708,472181892,3140801,5206859,284782549,20800106,1439511,8381029,142380,3408190,1635539,3922809,9120807,300494001,3565243,478516825,470707,292649772,732145,130350,646659,703657,186920,204695,284714,403156,275608137,10658383,144749398,3144774,22603290,2333710497,1942197510,0,198918064,2911139392,1535952964,21.84,13.97,1606527315,53.11,46.48,1606527646,50.95,44.51,1606530704,19.37,13.05,1606534638,2020-07-21 18:02:33,4.294,2.277,93.429,0,0,0,36352,0,0,1,0,8,0.810,0.370,0.170,2049421312,121463443456,3284992,11205328896,1050,0,2,0,249,0,3,0,4294963200,21-07 18:02:33,16532,3583
2020-07-21 18:02:34,20.25,44.23,9.74,0,3835,16082.567542,772,0,0,0,100592,100582,16084.679748,25717733,487552637,3140361,5188549,301791152,21629674,1572402,8719420,200158,3657443,1649048,3685943,9265428,308070097,3882841,488421385,498896,303221557,724964,228681,674838,685241,130017,151647,223080,342504,281902517,8799109,144819517,3145519,22886492,2361240713,2111163784,0,197365937,2896200718,1546694957,22.90,14.38,1610111439,53.89,46.75,1610118062,51.90,44.98,1610124589,20.42,13.69,1610128976,2020-07-21 18:02:34,3.964,2.794,93.242,0,0,0,324608,0,0,0,0,12,0.810,0.370,0.170,2052472832,121461313536,3284992,11204411392,628,0,2,0,311,0,15,0,4294963200,21-07 18:02:34,16558,4293
2020-07-21 18:02:35,19.87,43.90,10.09,0,4168,16110.070182,859,0,0,0,115685,115676,16110.013522,24216653,445511516,2991609,5404124,291764325,22298539,1494692,9003711,182271,3469150,1702199,4087922,10178372,271345099,3825266,436198687,472979,294514194,803017,191955,612829,754436,262630,263241,312673,338792,307482759,9893547,148626837,3241329,24489756,2347223357,1803927962,0,200669957,3009234358,1579849617,23.23,14.59,1609132110,54.81,47.41,1609128077,52.83,45.65,1609122547,20.68,13.83,1609116193,2020-07-21 18:02:35,3.518,3.192,93.290,0,0,0,4096,0,0,1,0,8,0.820,0.380,0.180,2053443584,121460383744,3284992,11204382720,1231,1032,2,0,341,0,1,0,4294963200,21-07 18:02:35,16679,4620
2020-07-21 18:02:36,19.70,43.65,10.15,0,4532,16065.782132,931,0,0,0,130365,130366,16064.059542,22918541,392568585,2849994,6036270,304314578,24706617,1635315,9223494,209282,3437168,1682259,4247086,10652364,272277998,4366566,395286764,541191,299972517,882357,164419,739348,768707,353354,324690,293990,472098,252476331,10347237,149938075,3328692,25204736,2290665474,1502521617,0,204731814,3018451051,1589915154,25.53,16.99,1607448421,57.15,49.72,1607455865,55.26,47.91,1607461977,22.87,16.11,1607470388,2020-07-21 18:02:36,4.034,2.537,93.429,0,0,0,4096,0,0,0,0,5,0.820,0.380,0.180,2049638400,121463513088,3284992,11205050368,820,0,2,0,256,0,1,0,4294963200,21-07 18:02:36,16482,3659
2020-07-21 18:02:37,20.04,44.02,9.90,0,3761,16093.841867,747,0,0,0,100883,100908,16093.984146,25932088,486668977,3230993,5016718,285280179,21397930,1435386,8330997,134597,3753259,1571468,3645653,8933750,331539614,3430153,505889768,418086,294848285,717504,142084,579246,639061,445742,554388,306018,381476,256999155,9541240,150229515,3123597,22751387,2385697513,2013975327,0,196206546,3042162219,1579055804,20.46,13.37,1609324119,52.25,46.05,1609314797,50.61,44.48,1609307549,18.64,12.80,1609298774,2020-07-21 18:02:37,4.291,2.601,93.108,0,0,0,39424,0,0,1,0,10,0.820,0.380,0.180,2049380352,121463435264,3284992,11205373952,1020,0,2,0,261,0,5,0,4294963200,21-07 18:02:37,16620,3747
2020-07-21 18:02:38,20.02,44.01,9.95,0,3678,16082.859841,749,0,0,0,98759,98739,16083.841822,25346653,500247134,3035801,5003623,300236900,20715913,1421255,8393576,218263,3342771,1760570,4003014,11172803,283336534,3808062,440506611,458832,284585253,743727,149702,618962,649681,142246,189980,369008,467765,299746799,8832791,148425176,3182191,23308057,2357705193,2107846271,0,204752863,2964711925,1518087248,21.91,13.98,1608497511,53.33,46.58,1608520276,51.40,44.80,1608545429,19.75,13.44,1608570962,2020-07-21 18:02:38,4.291,2.341,93.368,0,0,0,36864,0,0,0,0,5,0.820,0.380,0.180,2048385024,121464418304,3284992,11205386240,831,0,2,0,247,0,3,0,4294963200,21-07 18:02:38,16578,3538
2020-07-21 18:02:39,19.71,43.71,10.07,0,3724,16109.581901,736,0,0,0,96552,96578,16108.780398,22346739,445028048,2773078,4741296,288432553,21235371,1413086,8423395,268446,3887201,1652947,3827751,9107693,265844234,3907116,456254797,471969,286794543,760060,146178,617894,630548,128250,155568,286345,348619,321669164,8703419,148056503,3104578,22248606,2304935733,1974537295,0,197157547,2932927023,1506344551,22.48,14.18,1610596286,53.71,46.72,1610581183,51.68,44.90,1610564584,20.12,13.54,1610548200,2020-07-21 18:02:39,4.161,2.471,93.368,0,0,0,3675136,0,0,1,0,6,0.820,0.380,0.180,2052067328,121461657600,3284992,11204472832,2026,0,2,0,259,0,56,0,4294963200,21-07 18:02:39,16657,3770
2020-07-21 18:02:40,19.16,43.18,9.94,0,3574,16098.174147,666,0,0,0,96647,96615,16098.395655,25376238,473969468,3165118,4910090,287377455,20933045,1576079,8817964,194505,3426169,1699763,3670262,9493544,259426939,3682909,435809778,450854,289370936,726738,289824,586228,675481,153609,180703,217150,366263,318461766,9249505,154018085,3090294,22738058,2316972580,1986979109,0,192525387,3055355934,1510352761,22.12,14.13,1609573121,53.43,46.76,1609594543,51.71,45.07,1609607245,20.11,13.60,1609615993,2020-07-21 18:02:40,3.262,3.588,93.151,0,0,0,0,0,0,0,0,11,0.840,0.390,0.180,2053062656,121460654080,3284992,11204481024,1286,0,2,0,341,0,0,0,4294963200,21-07 18:02:40,16609,4561
2020-07-21 18:02:41,20.17,44.16,10.24,0,4664,16096.271827,969,0,0,0,130634,130634,16095.595515,20703621,427505475,2593969,5836731,309379864,23997777,1652015,9195397,209651,3801465,1894870,4577374,11391481,290574768,4706464,412352828,596299,299914374,918171,287323,848263,891435,216261,331522,367842,439401,279525419,11067019,148854423,3517235,26006224,2349779452,1619993472,0,203061027,2946435953,1585056234,27.09,17.81,1609775275,58.42,50.67,1609751470,56.22,48.67,1609735641,24.62,17.28,1609723069,2020-07-21 18:02:41,3.961,2.597,93.442,0,0,0,4096,0,0,1,0,6,0.840,0.390,0.180,2048888832,121463873536,3284992,11205414912,696,0,1,0,283,0,1,0,4294963200,21-07 18:02:41,16556,3970
2020-07-21 18:02:42,19.79,43.81,10.09,0,4065,16096.614437,804,0,0,0,116132,116155,16097.566235,25431833,428723989,3124379,5394723,301680071,22719103,1478052,8769982,158494,3251914,1583604,4010853,9619990,277771932,4264424,416871019,526663,297466822,815959,241215,718477,726556,142158,196245,306142,492447,274944049,9909441,150784007,3233792,24283017,2357356611,1754157675,0,207177593,2997296231,1587849616,22.06,14.23,1609937795,53.99,47.09,1609953668,51.72,45.36,1609968049,19.66,13.69,1609981531,2020-07-21 18:02:42,4.096,2.601,93.303,0,0,0,39424,0,0,0,0,6,0.840,0.390,0.180,2048380928,121464352768,3284992,11205431296,1111,0,2,0,266,0,5,0,4294963200,21-07 18:02:42,16614,3770
2020-07-21 18:02:43,20.30,44.31,9.89,0,3898,16109.772989,797,0,0,0,103987,103995,16109.984984,24023274,469202051,3106654,5389278,296678682,21991175,1515765,9228187,179169,3535723,1666383,3952240,9523975,324544772,3828042,515250756,460389,307168815,732135,149969,646770,718092,159765,210826,332315,344433,308520671,9868793,147770765,3189446,23406566,2362015099,1923420864,0,209172345,2977416305,1572966823,23.74,15.63,1610863445,54.94,48.06,1610868341,53.33,46.31,1610875278,21.70,14.89,1610882066,2020-07-21 18:02:43,4.224,2.469,93.307,0,0,0,36864,0,0,1,0,13,0.840,0.390,0.180,2049900544,121462812672,3284992,11205435392,1170,0,2,0,256,0,3,0,4294963200,21-07 18:02:43,16620,3721
2020-07-21 18:02:44,20.13,44.16,9.91,0,3744,16100.144936,758,0,0,0,99868,99849,16099.515540,24379884,468190068,3131809,5156290,289004976,21755090,1491262,8802689,218683,3305594,1667627,3733408,9046377,296058638,3717345,489405316,447543,295200572,712002,114017,592494,674822,144617,189555,427442,625711,286123959,11457243,153105097,3342118,23276676,2385021649,1897539146,0,202572867,2952701372,1545078152,23.15,15.21,1609230581,54.05,47.51,1609223741,52.53,45.88,1609214835,20.94,14.57,1609217491,2020-07-21 18:02:44,4.159,2.469,93.372,0,0,0,36352,0,0,0,0,8,0.840,0.390,0.180,2049359872,121463328768,3284992,11205451776,1203,0,2,0,264,0,3,0,4294963200,21-07 18:02:44,16558,3723
2020-07-21 18:02:45,20.30,44.30,9.87,0,3821,16096.297973,794,0,0,0,105029,105021,16097.748336,23619618,459394658,3016702,5464282,301710487,21899207,1604427,9314003,256096,4053420,1668634,3973934,9485217,320304237,3990361,501917046,488196,303246609,740936,133410,542172,607899,116472,196447,304409,348565,315680828,8993065,147264428,3203441,23610998,2417279109,2028537702,0,207563290,2975503711,1584267486,23.25,15.22,1610449547,54.53,47.87,1610455854,52.91,46.26,1610463354,21.11,14.68,1610458194,2020-07-21 18:02:45,3.969,2.668,93.364,0,0,0,0,0,0,1,0,9,0.850,0.400,0.190,2051489792,121462423552,3284992,11204227072,1299,0,2,0,295,0,0,0,4294963200,21-07 18:02:45,16469,4020
2020-07-21 18:02:46,20.75,44.77,9.75,0,3817,16110.575569,774,0,0,0,101905,101920,16107.635554,23225953,466975124,2931855,5266229,300126286,22043295,1509406,9288209,275266,3763690,1672318,4119635,9469383,290090088,3902709,501649554,462958,312378583,738791,135081,559298,590530,158136,247455,326975,429475,282565023,9534378,146119716,3174118,23511546,2401175205,1973208644,0,203503547,2918329821,1578040266,22.78,14.61,1609873704,53.87,47.14,1609846551,52.24,45.67,1609819685,20.50,13.96,1609794259,2020-07-21 18:02:46,3.769,3.119,93.112,0,0,0,39936,0,0,0,0,10,0.850,0.400,0.190,2051125248,121462484992,3284992,11204550656,516,0,2,0,341,0,5,0,4294963200,21-07 18:02:46,16639,4647
2020-07-21 18:02:47,20.91,44.89,9.91,0,4511,16067.712926,925,0,0,0,127178,127159,16068.029253,23922690,445764447,3037078,6055181,300856106,24737168,1644669,9690812,384385,4131821,1692220,4455348,11160975,294519803,4401314,460882430,553908,312238356,856136,160728,625550,666692,123442,214549,238125,385733,320628475,10227353,145263403,3148663,24447899,2430906884,1884343607,0,205770827,2924815443,1651830107,25.11,16.23,1606970170,56.19,48.74,1606974002,53.78,46.75,1606976002,21.78,15.15,1606979962,2020-07-21 18:02:47,3.769,2.794,93.437,0,0,0,4096,0,0,1,0,7,0.850,0.400,0.190,2049351680,121463328768,3284992,11205480448,1471,0,2,0,309,0,1,0,4294963200,21-07 18:02:47,16640,4186
2020-07-21 18:02:48,19.76,43.72,10.09,0,4494,16078.766054,944,0,0,0,127196,127196,16079.580388,22540257,410780626,2778252,5381657,301629141,23060139,1582498,9155306,252468,3533265,1729122,4503942,11451411,258718624,4419671,375614511,555967,295107157,889134,158889,738197,766278,211333,237974,328285,405145,264481205,10302670,147609203,3289739,24829484,2250914964,1515000542,0,207414804,2946672308,1543823989,24.93,16.23,1607894753,56.57,49.25,1607894805,54.16,47.19,1607898262,22.33,15.56,1607901779,2020-07-21 18:02:48,4.169,2.410,93.420,0,0,0,67584,0,0,0,0,6,0.850,0.400,0.190,2049994752,121462673408,3284992,11205492736,939,0,2,0,251,0,7,0,4294963200,21-07 18:02:48,16594,3722
2020-07-21 18:02:49,19.43,43.43,9.61,0,3388,16084.230449,643,0,0,0,89801,89812,16086.600245,24467152,450678411,2969521,4672829,267089995,20127299,1384595,7866895,201338,3769233,1579847,3588147,9033413,305489259,3445106,478947703,440217,283847693,699557,127317,550383,619621,177805,344850,290579,455328,242560458,9737588,149867711,3061255,21520174,2241083571,1896383520,0,177493415,3025953470,1471201486,19.94,13.15,1609017080,51.51,45.67,1609040785,49.78,44.17,1609062507,17.55,12.36,1609091607,2020-07-21 18:02:49,4.104,2.541,93.355,0,0,0,32768,0,0,1,0,11,0.850,0.400,0.190,2049622016,121463046144,3284992,11205500928,1122,0,2,0,241,0,3,0,4294963200,21-07 18:02:49,16544,3513
2020-07-21 18:02:50,19.71,43.71,9.84,0,3694,16108.134097,742,0,0,0,98792,98817,16106.442341,23027884,437275816,2895450,5191092,289162600,21261602,1543703,8840017,190958,3759554,1619651,3703536,9482742,312578834,3665186,483819794,471167,287851338,693429,139031,510755,648582,144317,187352,239740,378250,313722106,9045122,153451290,3260905,23287918,2356834718,1957724281,0,192134893,3048610262,1535870229,23.07,15.10,1610921529,54.45,47.77,1610924540,52.47,46.01,1610924678,20.37,14.30,1610915835,2020-07-21 18:02:50,4.156,2.532,93.312,0,0,0,4096,0,0,0,0,7,0.860,0.410,0.190,2049646592,121462996992,3284992,11205521408,922,0,2,0,237,0,1,0,4294963200,21-07 18:02:50,16470,3411
2020-07-21 18:02:51,20.09,44.11,9.76,0,3670,16111.717588,747,0,0,0,97214,97178,16110.331784,25190565,466360856,3130553,5298108,286231516,21136513,1546178,8990118,149951,3881480,1725797,4241522,9136526,344896530,3576032,528470686,476345,309126336,725220,132428,587480,622537,165329,201508,251676,414265,303571203,11106472,147086231,3178008,22234420,2309123919,1952797648,0,193653450,2952054071,1533284012,21.77,14.10,1609584516,53.19,46.75,1609557571,51.38,45.10,1609534327,19.20,13.36,1609511405,2020-07-21 18:02:51,3.643,3.123,93.234,0,0,0,31744,0,0,1,0,7,0.860,0.410,0.190,2051624960,121461911552,3284992,11204599808,752,0,1,0,326,0,2,0,4294963200,21-07 18:02:51,16619,4394
2020-07-21 18:02:52,19.39,43.37,10.10,0,4105,16080.625822,818,0,0,0,110224,110224,16080.348649,21207210,403355874,2733131,5147671,280892169,22770658,1635374,9177547,277662,3360176,1695283,3953880,10834059,278954746,3926607,424433768,503419,290043361,766366,154573,655889,666652,124614,183227,277565,374448,300304174,9646054,150932802,3187826,23296820,2257259030,1731629463,0,179995105,2952454875,1499661315,23.23,14.88,1608657803,54.36,47.36,1608701843,52.58,45.65,1608694607,20.99,14.38,1608687974,2020-07-21 18:02:52,3.779,2.932,93.290,0,0,0,4096,0,0,0,0,13,0.860,0.410,0.190,2051993600,121460613120,3284992,11205529600,1231,0,1,0,310,0,1,0,4294963200,21-07 18:02:52,16549,4353
2020-07-21 18:02:53,20.40,44.40,10.22,0,4591,16082.023768,959,0,0,0,130447,130447,16083.863160,23960751,434172039,3044683,6090619,313268944,24928866,1687909,9816767,204406,3465849,1662510,4774626,11804668,272421593,4543328,410058167,573269,306981465,859466,183706,662783,687857,191948,241223,358165,492372,273116328,10493001,146766358,3271205,24959033,2416312327,1692497975,0,214054721,2995657729,1669594767,26.46,16.91,1608773676,57.36,49.28,1608735281,55.33,47.36,1608749484,23.39,16.05,1608760936,2020-07-21 18:02:53,4.286,2.403,93.312,0,0,0,35840,0,0,1,0,8,0.860,0.410,0.190,2050138112,121462448128,3284992,11205550080,1055,0,2,0,255,0,3,0,4294963200,21-07 18:02:53,16629,3670
2020-07-21 18:02:54,20.00,43.98,9.88,0,3687,16096.293557,741,0,0,0,101526,101541,16094.537947,25894176,465932101,3161326,5186412,286942664,21509717,1469784,8581184,151315,3200828,1565056,3707963,8765818,321114918,3862120,502776944,483789,301335695,700647,140388,510496,561534,176006,387155,413351,465009,266716291,10824874,147112050,3080009,22677257,2328832824,1858669956,0,196226986,2963696803,1556202812,20.22,13.12,1608614858,51.52,45.88,1608607892,50.10,44.29,1608599804,17.93,12.45,1608593460,2020-07-21 18:02:54,4.229,2.342,93.429,0,0,0,33280,0,0,0,0,5,0.860,0.410,0.190,2048610304,121463959552,3284992,11205558272,999,0,1,0,254,0,3,0,4294963200,21-07 18:02:54,16601,3653
2020-07-21 18:02:55,19.85,43.83,10.00,0,3744,16080.465925,747,0,0,0,97952,97937,16082.042365,25140656,503840962,3072570,4836828,301062199,21023965,1501563,8344779,279213,3263361,1710772,4091240,12003897,309630212,3792945,459182128,495743,294683709,734385,147279,602544,628044,168187,207943,243262,552916,264403723,8662827,148947925,3259617,22928356,2346494962,2065242277,0,194882022,3019733431,1526549815,22.54,14.85,1608421783,53.95,47.61,1608426563,52.45,45.95,1608430384,20.21,14.16,1608434428,2020-07-21 18:02:55,4.427,2.344,93.229,0,0,0,4096,0,0,1,0,9,0.870,0.420,0.200,2049744896,121462800384,3284992,11205570560,1002,0,3,0,247,0,1,0,4294963200,21-07 18:02:55,16552,3611
2020-07-21 18:02:56,20.16,44.17,9.97,0,3904,16096.404393,799,0,0,0,103449,103478,16095.451932,26063239,506194579,3262258,5215404,299626228,21340689,1555811,8683851,395412,3727879,1604861,3800846,9166311,274737453,4076879,478866770,507683,299539105,771830,162546,651428,688356,160222,174544,245660,300165,302576819,8869599,147251452,3168416,23030862,2397430202,2154522422,0,211967652,2957297524,1560932397,22.41,14.70,1609532167,53.97,47.58,1609528958,52.42,45.90,1609527797,20.24,14.19,1609528673,2020-07-21 18:02:56,3.964,2.794,93.242,0,0,0,31744,0,0,0,0,6,0.870,0.420,0.200,2051309568,121462157312,3284992,11204657152,456,0,2,0,298,0,2,0,4294963200,21-07 18:02:56,16489,4087
2020-07-21 18:02:57,19.91,43.90,9.88,0,3718,16083.412032,755,0,0,0,99303,99276,16084.570739,23460782,468316662,3077810,5165941,294009684,21511773,1489739,8619689,175328,3265346,1588461,3754325,8744679,291419830,3806639,496059410,476468,311260659,769079,152506,627974,656377,137295,205835,354935,348345,291719410,10025352,149618582,3150854,23074282,2350229917,1909724712,0,206799970,2978098486,1540361731,21.53,13.96,1608270985,52.95,46.64,1608296708,51.17,45.03,1608323360,19.50,13.43,1608328048,2020-07-21 18:02:57,3.448,3.253,93.299,0,0,0,276992,0,0,1,0,7,0.870,0.420,0.200,2053349376,121460105216,3284992,11204669440,620,0,2,0,341,0,25,0,4294963200,21-07 18:02:57,16669,4694
2020-07-21 18:02:58,19.44,43.43,10.13,0,4395,16094.322957,878,0,0,0,121554,121552,16094.720607,21838383,415620876,2732430,5638024,293192386,23264186,1670278,9202416,219810,3572820,1702459,3770938,10383528,240173695,4202782,374231938,535611,282284582,820046,187853,630964,656620,160856,228973,241909,419360,290004814,10009548,152112446,3361858,25710843,2328139713,1625056777,0,196572880,3056275772,1594096887,25.10,16.10,1610310458,56.68,48.71,1610292794,54.36,46.56,1610272495,22.05,15.20,1610271598,2020-07-21 18:02:58,4.094,2.664,93.242,0,0,0,4096,0,0,0,0,11,0.870,0.420,0.200,2049818624,121462693888,3284992,11205599232,635,0,2,0,275,0,1,0,4294963200,21-07 18:02:58,16533,3938
2020-07-21 18:02:59,19.81,43.82,9.81,0,4292,16111.544540,858,0,0,0,120399,120419,16110.370465,24542969,412737061,2939732,5440055,300091366,22873198,1481479,9245363,166821,3687719,1581348,3954689,9984691,269814593,4163759,400561373,561732,299705474,832480,255147,704989,741025,132620,166244,307606,545382,252477970,10410298,150352030,3415675,25594762,2298324497,1572487067,0,201167302,3021188010,1596025237,23.19,14.38,1610588943,54.84,47.29,1610591962,52.58,45.30,1610594710,20.72,13.67,1610597238,2020-07-21 18:02:59,4.294,2.277,93.429,0,0,0,3718656,0,0,1,0,6,0.870,0.420,0.200,2049138688,121463365632,3284992,11205611520,1056,0,1,0,247,0,45,0,4294963200,21-07 18:02:59,16613,3641
2020-07-21 18:03:00,20.07,44.09,9.68,0,3755,16098.694179,742,0,0,0,101025,101005,16098.938125,25964268,483872184,3211029,5070906,289449273,21968880,1485764,8582983,165592,3306513,1613037,3750898,8716887,305913224,4004391,474135729,514828,287447871,755907,222052,722472,740465,145688,190081,220407,380735,271979105,8779969,150398692,3201142,23509556,2400974788,2077312973,0,193758570,3031877462,1573794701,22.61,14.66,1609230477,54.34,47.48,1609225118,52.36,45.65,1609218525,20.08,13.75,1609215620,2020-07-21 18:03:00,4.226,2.471,93.303,0,0,0,0,0,0,0,0,8,0.880,0.430,0.200,2048016384,121464467456,3284992,11205623808,1283,0,1,0,260,0,0,0,4294963200,21-07 18:03:00,16536,3655
2020-07-21 18:03:01,19.79,43.79,9.69,0,3707,16095.119732,737,0,0,0,97852,97881,16095.731426,25792074,474235024,3136930,5061740,285592136,21099597,1517773,8615951,169825,3519512,1596457,3554142,9088591,319047825,3773404,487859939,484941,293762726,732736,192865,749128,842905,239258,189190,286141,393030,270755791,8566852,149516170,3176490,22847368,2330747899,2043087015,0,191353972,2985156511,1533394188,22.89,15.02,1610789522,54.71,47.90,1610807248,52.85,46.02,1610823423,20.34,14.04,1610838354,2020-07-21 18:03:01,4.288,2.534,93.177,0,0,0,50176,0,0,1,0,10,0.880,0.430,0.200,2048835584,121463640064,3284992,11205636096,902,0,1,0,250,0,5,0,4294963200,21-07 18:03:01,16479,3666
2020-07-21 18:03:02,19.86,43.88,9.74,0,3636,16112.254008,742,0,0,0,95837,95828,16110.963314,26306960,476652975,3234233,5259019,292931620,20868102,1476931,8557548,136648,3236237,1684646,3503143,8770754,280026405,3576404,455105671,462306,286811498,727042,129160,608443,655036,481594,382805,300512,368458,292793235,8741403,151274397,3195375,23724369,2390383930,2005051601,0,194867602,3026140557,1572803217,21.69,14.03,1609266478,52.81,46.48,1609238892,51.03,44.65,1609215744,19.29,13.20,1609190070,2020-07-21 18:03:02,3.390,3.259,93.351,0,0,0,29696,0,0,0,0,7,0.880,0.430,0.200,2051510272,121461895168,3284992,11204718592,995,0,1,0,332,0,2,0,4294963200,21-07 18:03:02,16649,4500
2020-07-21 18:03:03,20.18,44.16,10.01,0,4040,16080.799585,799,0,0,0,107740,107720,16080.637107,24523864,463198155,3024575,5048047,288503971,21993210,1559845,9235858,244889,3924649,1682264,4253610,9783535,298199474,4418548,472810438,537055,299124885,830897,227210,715360,747864,442983,433823,258592,470567,283778553,9746378,148715718,3256650,24328387,2372847792,1958099494,0,200083274,2919271676,1549203326,24.44,15.67,1608759057,55.05,47.96,1608762201,53.51,46.27,1608765107,21.73,14.81,1608768318,2020-07-21 18:03:03,3.709,2.863,93.429,0,0,0,4096,0,0,1,0,7,0.880,0.430,0.200,2049245184,121463222272,3284992,11205656576,815,0,2,0,295,0,1,0,4294963200,21-07 18:03:03,16505,4108
2020-07-21 18:03:04,19.64,43.62,10.26,0,4583,16079.741581,941,0,0,0,130678,130678,16079.511099,21391606,390352552,2726924,5986020,292023760,24499921,1662067,9367947,210695,4390080,1703144,4449814,10376306,271873320,4457630,405733050,573175,298061175,884507,149957,737451,759295,206056,266989,275377,486767,317340325,10764741,154773214,3370730,24979433,2335569642,1591813438,0,197099817,3042100667,1603198052,26.64,17.14,1607769486,57.22,49.72,1607768908,54.96,47.84,1607813464,23.33,16.30,1607810685,2020-07-21 18:03:04,4.156,2.532,93.312,0,0,0,33280,0,0,0,0,10,0.880,0.430,0.200,2049855488,121462956032,3284992,11205312512,576,0,2,0,260,0,3,0,4294963200,21-07 18:03:04,16632,3796
2020-07-21 18:03:05,20.49,44.46,9.94,0,3933,16079.933557,791,0,0,0,110670,110687,16079.443225,26268848,477083978,3185848,5135161,308489994,22071297,1479050,9221178,207397,3788847,1633474,3936862,11856423,269089263,3811318,419218696,497130,297767951,799680,183733,590798,572011,157413,197751,292086,453703,298469261,9906401,150910596,3218300,24978277,2394879964,1908682972,0,216711879,2974019633,1588107616,21.51,14.02,1607547962,53.19,46.78,1607542318,51.72,45.25,1607489916,19.49,13.30,1607487633,2020-07-21 18:03:05,4.288,2.469,93.242,0,0,0,4096,0,0,1,0,6,0.890,0.440,0.200,2048626688,121463824384,3284992,11205677056,759,0,1,0,265,0,1,0,4294963200,21-07 18:03:05,16572,3710
2020-07-21 18:03:06,20.59,44.57,10.00,0,3825,16067.026942,758,0,0,0,102725,102729,16068.012392,25354437,464515033,2987014,5019740,294820061,21501205,1583330,8939282,227145,4067977,1646317,3944405,9766891,305223116,3994586,479530795,495241,291211024,767936,137470,641803,679054,143006,159075,246197,339269,331161066,9165181,149454553,3211048,24320459,2418305068,2088996505,0,200372899,2943512756,1586991937,23.55,14.87,1606802008,54.86,47.37,1606811803,52.64,45.60,1606819880,20.92,14.05,1606851085,2020-07-21 18:03:06,4.353,2.404,93.242,0,0,0,35840,0,0,0,0,6,0.890,0.440,0.200,2048892928,121463545856,3284992,11205689344,1773,0,2,0,256,0,3,0,4294963200,21-07 18:03:06,16555,3642
2020-07-21 18:03:07,19.94,43.92,9.94,0,3756,16093.544514,744,0,0,0,98193,98208,16095.925566,25893048,497384386,3156891,5161483,301991139,21459527,1590450,8803467,208534,3870685,1690631,4081191,11325637,282865119,3650894,453729485,476531,293967827,701913,117242,598048,595019,142666,208098,294489,362140,306669513,8839545,146526896,3184421,22928695,2354007022,2065121138,0,196491281,2974767702,1550213340,23.52,15.31,1610832612,54.46,47.49,1610854928,52.41,45.72,1610878417,20.78,14.43,1610876371,2020-07-21 18:03:07,3.909,2.671,93.420,0,0,0,29696,0,0,1,0,11,0.890,0.440,0.200,2052706304,121460658176,3284992,11204767744,752,0,2,0,288,0,2,0,4294963200,21-07 18:03:07,16477,4031
2020-07-21 18:03:08,19.41,43.44,9.68,0,3338,16114.135002,642,0,0,0,85443,85408,16111.648878,23977421,452350361,2895360,4688324,272731658,18835137,1372195,8329855,130408,3557834,1533327,3498313,8197488,280814066,3267904,454022801,440240,280964936,672789,110668,520181,629658,162081,135918,344912,381859,270802792,10411425,154699775,3038934,22214077,2245649438,1877972360,0,185741405,3022659487,1453204101,18.39,12.13,1609602062,49.33,44.39,1609577005,47.86,42.98,1609555215,16.05,11.45,1609531964,2020-07-21 18:03:08,3.190,3.451,93.359,0,0,0,33280,0,0,0,0,8,0.890,0.440,0.200,2051452928,121462185984,3284992,11204481024,990,0,1,0,340,0,3,0,4294963200,21-07 18:03:08,16631,4605
2020-07-21 18:03:09,18.04,42.03,10.17,0,4473,16081.391874,880,0,0,0,126238,126237,16081.386470,18986180,348011782,2368505,5481727,278745995,23146011,1692574,8913605,219932,3045601,1667043,4121268,10412123,234515759,4404631,342890068,521999,272182487,868005,170576,754588,816121,223422,249217,347313,469801,233216868,10251871,160784223,3365862,25506645,2200366539,1243049721,0,178523209,3168110024,1500639977,25.44,17.03,1608845863,56.92,49.86,1608847843,55.06,47.93,1608846047,23.21,16.35,1608848080,2020-07-21 18:03:09,4.169,2.476,93.355,0,0,0,4096,0,0,1,0,9,0.890,0.440,0.200,2049462272,121462943744,3284992,11205722112,684,0,1,0,217,0,1,0,4294963200,21-07 18:03:09,16465,3240
2020-07-21 18:03:10,20.41,44.39,9.82,0,3953,16080.519650,789,0,0,0,110785,110806,16079.430114,26127552,491199852,3252526,5182190,308060675,21614333,1476300,9002538,233104,3488695,1691395,3758325,12385362,270102755,3954316,428414257,478948,302346146,805815,217741,566858,599871,170642,211363,270237,383400,280673071,10132214,147888713,3150867,24407251,2418482907,1976347344,0,215969358,2980269433,1599385738,21.56,14.00,1607427298,54.00,47.09,1607417272,52.04,45.48,1607407289,19.66,13.57,1607395572,2020-07-21 18:03:10,4.161,2.666,93.173,0,0,0,4096,0,0,0,0,14,0.900,0.450,0.210,2048774144,121463627776,3284992,11205722112,1244,54,2,0,252,0,1,0,4294963200,21-07 18:03:10,16577,3667
2020-07-21 18:03:11,19.91,43.88,9.78,0,3614,16080.214611,718,0,0,0,95853,95871,16082.764678,22852476,454019285,2809040,5120569,283853014,21589452,1483380,8881571,236648,3822129,1721950,3735226,9136726,268873732,3655543,467319359,465117,285709156,702290,137148,529470,557933,168186,213700,347656,416780,259611075,9102413,149794992,3182051,22881868,2324149387,1917874845,0,194799476,3000881049,1523712720,21.93,14.17,1609053044,53.63,46.90,1609082453,51.32,45.07,1609115308,19.46,13.40,1609147704,2020-07-21 18:03:11,4.359,2.342,93.299,0,0,0,36352,0,0,1,0,7,0.900,0.450,0.210,2049363968,121463017472,3284992,11205746688,1471,0,2,0,254,0,3,0,4294963200,21-07 18:03:11,16556,3657
2020-07-21 18:03:12,19.52,43.54,9.89,0,3585,16100.371668,703,0,0,0,94704,94675,16099.688770,26453635,480256706,3194499,5012085,298559652,21140915,1517326,8361583,269991,3671738,1742364,3740633,8843461,281697925,3403582,452311396,429134,284140250,677684,221234,631332,632958,155822,152138,252158,690255,285998170,8786623,152154653,3364394,23244211,2368956989,2055961786,0,194706592,3103600030,1586861215,22.94,15.01,1609730708,54.23,47.49,1609712670,52.11,45.65,1609691189,20.63,14.34,1609669435,2020-07-21 18:03:12,3.583,3.062,93.355,0,0,0,29696,0,0,0,0,7,0.900,0.450,0.210,2051997696,121461309440,3284992,11204829184,992,0,2,0,301,0,2,0,4294963200,21-07 18:03:12,16569,4118
2020-07-21 18:03:13,20.33,44.33,9.73,0,3850,16092.619019,773,0,0,0,102755,102772,16092.026535,25931949,510752889,3192573,5224029,309667544,21817047,1591732,9179166,240908,3657437,1667413,4221223,12427899,309776649,4033336,480669343,498245,318867813,741575,125212,687089,724395,125608,182430,275492,480579,314818551,8942967,144330222,3167434,23066816,2379427507,2124988835,0,208391334,2918813869,1560808951,23.91,15.64,1608776349,54.80,47.95,1608775485,53.15,46.30,1608777813,21.50,14.93,1608778254,2020-07-21 18:03:13,3.581,2.995,93.424,0,0,0,33792,0,0,1,0,10,0.900,0.450,0.210,2050088960,121464745984,3284992,11203289088,699,0,2,0,330,0,3,0,4294963200,21-07 18:03:13,16637,4491
2020-07-21 18:03:14,20.47,44.48,9.86,0,4321,16096.003067,889,0,0,0,119119,119092,16094.921340,25076335,465525333,3073223,5618999,299649324,23383110,1557197,9383356,223627,3373484,1638501,3968856,10778032,261232313,4352552,421208741,517297,299763711,809613,156923,593165,663288,169879,264239,356370,440622,298467518,10079640,147362364,3276457,25274803,2411561389,1837579527,0,205294750,2969870213,1616921747,24.28,15.20,1609194307,55.28,47.79,1609186116,53.23,45.97,1609175097,20.77,14.09,1609165059,2020-07-21 18:03:14,4.224,2.339,93.437,0,0,0,4096,0,0,0,4,15,0.900,0.450,0.210,2048811008,121463521280,3284992,11205775360,811,0,2,0,271,0,1,0,4294963200,21-07 18:03:14,16526,3906
2020-07-21 18:03:15,20.48,44.46,9.93,0,4580,16067.069746,965,0,0,0,130785,130785,16067.391910,23054759,449251787,2950616,5947549,317693057,24162515,1787705,9557347,217667,3801137,1806701,4625839,10595566,294486150,4769154,431887375,603348,297886320,856818,169164,776999,816898,228787,312639,420684,510288,293943157,10687669,150108611,3430002,25725617,2419400719,1711406397,0,211485795,2978402436,1634547076,27.87,18.62,1606886037,59.52,51.44,1606885291,57.32,49.48,1606886187,24.94,17.55,1606890536,2020-07-21 18:03:15,4.156,2.597,93.247,0,0,0,4096,0,0,1,0,8,0.910,0.450,0.210,2047877120,121464434688,3284992,11205787648,931,42,2,0,269,0,1,0,4294963200,21-07 18:03:15,16596,3780
2020-07-21 18:03:16,20.55,44.53,9.70,0,4052,16078.646440,828,0,0,0,112774,112781,16078.585621,24253768,447472086,2991634,5366877,302875996,22192834,1491687,9103040,200959,3548081,1595981,3894782,9890904,282525155,4252318,450428628,514112,300358459,800938,137877,620959,623374,120253,178285,238404,287668,322816748,10048151,148339881,3050892,23722523,2405287617,1992025797,0,213350837,2969019814,1593573724,22.33,14.03,1607665941,53.95,46.87,1607664052,52.05,45.26,1607660398,19.93,13.49,1607701340,2020-07-21 18:03:16,4.356,2.406,93.238,0,0,0,36864,0,0,0,0,11,0.910,0.450,0.210,2048790528,121463517184,3284992,11205795840,632,0,2,0,270,0,3,0,4294963200,21-07 18:03:16,16617,3826
2020-07-21 18:03:17,20.05,44.01,9.71,0,3678,16079.752049,734,0,0,0,98449,98468,16079.745116,25711874,467481994,3154950,5063439,279365653,22178799,1533586,8977692,185067,4198286,1640349,4106278,9171248,322930005,3808041,499424994,462319,296487442,715457,128561,540705,670117,384965,550816,322740,466509,247142700,9053453,144315128,3109113,22058080,2298471613,1947529025,0,180181511,2892717428,1530611962,22.01,14.18,1607651022,53.04,46.43,1607661005,51.18,44.82,1607671731,19.59,13.41,1607635960,2020-07-21 18:03:17,4.091,2.532,93.377,0,0,0,34304,0,0,1,0,8,0.910,0.450,0.210,2048876544,121463410688,3284992,11205799936,856,1028,2,0,256,0,3,0,4294963200,21-07 18:03:17,16575,3663
2020-07-21 18:03:18,20.11,44.10,9.74,0,3638,16082.657687,746,0,0,0,97210,97184,16084.476204,24046363,452312113,2846499,4784125,287049810,20465951,1504245,8350680,228457,3532395,1626393,4086039,9345534,324803189,4002652,480763198,503123,289891840,787197,136549,654050,685004,128466,183712,243582,424113,316904107,8542175,143921724,3195132,22657927,2335472861,2104816725,0,196216003,2859864623,1517735422,22.65,14.44,1608882769,53.63,46.73,1608906950,51.79,45.06,1608917110,20.27,13.79,1608928312,2020-07-21 18:03:18,3.646,2.930,93.424,0,0,0,62464,0,0,0,0,6,0.910,0.450,0.210,2051313664,121462190080,3284992,11204583424,1118,0,2,0,308,0,3,0,4294963200,21-07 18:03:18,16540,4216
2020-07-21 18:03:19,20.71,44.70,9.66,0,3709,16095.056174,759,0,0,0,100345,100354,16095.086462,26087964,487338631,3240038,5166557,298488105,21324003,1506235,8384370,179252,3984957,1621408,4244584,9662185,297849335,3842271,483764615,472887,298776451,780387,163148,672565,678289,137921,250055,377143,584066,261784567,10799274,145001924,3266960,23089284,2376847693,1981252218,0,200253306,2949166995,1571997099,22.59,14.47,1608890963,53.98,47.25,1608859656,52.07,45.48,1608842531,20.17,13.85,1608824191,2020-07-21 18:03:19,3.776,2.995,93.229,0,0,0,4096,0,0,1,0,11,0.910,0.450,0.210,2051653632,121461227520,3284992,11205218304,692,0,2,0,341,0,1,0,4294963200,21-07 18:03:19,16617,4585
2020-07-21 18:03:20,19.51,43.51,10.05,0,4127,16082.806638,856,0,0,0,114134,114125,16083.148778,24124492,450946100,2993289,5341825,293397214,23019691,1602239,9151438,424309,3814307,1640007,4145540,10407110,271392222,3993619,448211713,474581,295072488,808789,150085,599624,603866,150335,220938,224839,371381,278037119,9620320,150133956,3251085,24426156,2307286154,1848036463,0,195618492,3005681129,1545001120,23.73,15.46,1608943429,55.53,48.19,1608960531,53.01,46.35,1608979941,20.97,14.64,1608998372,2020-07-21 18:03:20,4.297,2.214,93.490,0,0,0,4096,0,0,0,0,7,0.920,0.460,0.220,2050256896,121461948416,3284992,11205890048,623,0,2,0,249,0,1,0,4294963200,21-07 18:03:20,16517,3579
2020-07-21 18:03:21,19.38,43.37,10.06,0,4521,16097.055566,929,0,0,0,129272,129284,16097.429941,22158372,401975238,2746058,5773192,304710045,24281262,1603393,9286511,211047,3155024,1680402,4489826,10872382,228503584,4509989,341717577,543982,283314227,866779,161919,736575,772487,222574,267214,355734,581098,258158652,10565920,155549902,3411077,25987657,2321256036,1484992575,0,212352740,3078156832,1585649327,26.02,17.15,1611271984,57.45,49.82,1611267624,55.10,47.77,1611261464,22.67,16.00,1611255599,2020-07-21 18:03:21,4.286,2.403,93.312,0,0,0,36864,0,0,1,0,7,0.920,0.460,0.220,2048921600,121463336960,3284992,11205849088,572,0,1,0,255,0,3,0,4294963200,21-07 18:03:21,16489,3607
2020-07-21 18:03:22,19.75,43.78,9.85,0,3541,16112.752010,675,0,0,0,97247,97236,16112.886806,22542285,445648152,2833601,5079365,293667199,20589151,1520985,8618919,174633,3246958,1666974,3862957,8792000,300000149,3862555,471152408,493711,277737646,721502,125426,509497,512170,115709,147255,179708,357962,298785485,8566625,147183125,2979381,22084285,2323190716,2036349975,0,193970424,2969654655,1512590635,20.27,13.17,1610031784,51.84,45.92,1610043491,50.35,44.33,1610053732,18.31,12.53,1610066308,2020-07-21 18:03:22,4.229,2.537,93.234,0,0,0,34816,0,0,0,0,10,0.920,0.460,0.220,2050146304,121462095872,3284992,11205857280,848,298,1,0,251,0,3,0,4294963200,21-07 18:03:22,16613,3572
2020-07-21 18:03:23,19.43,43.44,9.69,0,3539,16109.232213,711,0,0,0,93484,93493,16109.653071,25418702,484374107,3130551,4954542,296464540,20595301,1497249,8406394,209059,3600504,1573402,3561782,10379066,243303910,3403539,414619250,437336,271510227,659303,171743,504936,542712,117164,197292,265606,452726,266774185,8755568,151807506,3203757,23305471,2348572937,1945229274,0,188149789,3053019854,1532540978,21.56,14.04,1610556652,52.51,46.35,1610563758,51.10,44.87,1610570404,19.31,13.30,1610573419,2020-07-21 18:03:23,3.906,2.669,93.424,0,0,0,30208,0,0,1,0,6,0.920,0.460,0.220,2051784704,121461403648,3284992,11204939776,1211,0,2,0,268,0,2,0,4294963200,21-07 18:03:23,16528,3697
2020-07-21 18:03:24,20.16,44.16,9.63,0,3759,16098.379638,764,0,0,0,102343,102347,16096.186089,26278640,496734979,3185315,5073318,295467269,20974510,1604354,8824080,271139,4627636,1610639,4244889,9043860,289686612,3959534,484491802,487919,294824858,773761,136618,615735,632541,115130,169191,244227,485669,313453674,8731421,149586780,3237355,22959149,2400285214,2224586423,0,212003861,2991494927,1550863750,22.94,14.76,1609919394,54.34,47.52,1609906888,52.54,45.78,1609895994,20.59,14.09,1609887684,2020-07-21 18:03:24,3.453,3.257,93.290,0,0,0,4096,0,0,0,0,5,0.920,0.460,0.220,2053046272,121460109312,3284992,11204956160,852,0,2,0,341,0,1,0,4294963200,21-07 18:03:24,16542,4592
2020-07-21 18:03:25,20.50,44.51,9.79,0,3786,16097.170317,767,0,0,0,101698,101709,16096.083209,25900706,476636228,3323711,5179518,292510535,21459925,1484917,8917498,183302,3932359,1739025,3946755,9724934,297746597,3882545,480913433,479648,299975225,731017,154528,601321,675830,202730,222804,314459,679703,301924572,8994819,146615313,3322971,23632720,2387244755,2062540424,0,199804067,2948407662,1590748881,22.40,14.29,1608244156,54.17,47.05,1608225806,52.10,45.29,1608207585,19.61,13.49,1608187529,2020-07-21 18:03:25,4.159,2.469,93.372,0,0,0,4096,0,0,1,0,10,0.840,0.460,0.220,2049052672,121463160832,3284992,11205885952,699,0,2,0,277,0,1,0,4294963200,21-07 18:03:25,16588,3925
2020-07-21 18:03:26,19.86,43.84,10.16,0,4676,16079.843438,972,0,0,0,129563,129538,16080.187308,21694881,400461576,2769124,5892533,304168134,23881054,1588323,8872664,252276,3983760,1809643,4620822,11133458,266518911,4634618,388340524,554690,293949568,852608,161241,659799,680921,190498,264074,370649,620280,279840154,10514179,150009977,3484720,26165044,2349346996,1555068421,0,195972987,3031594461,1639096089,26.02,16.68,1608841385,56.85,48.97,1608841339,54.50,46.93,1608840235,22.72,15.77,1608841508,2020-07-21 18:03:26,4.159,2.599,93.242,0,0,0,36864,0,0,0,0,6,0.840,0.460,0.220,2049806336,121462398976,3284992,11205902336,396,0,1,0,262,0,3,0,4294963200,21-07 18:03:26,16469,3751
2020-07-21 18:03:27,19.79,43.77,9.90,0,4066,16080.467206,824,0,0,0,116716,116723,16081.334619,25093398,438792578,3068810,5278954,305277295,22277229,1482278,8901178,150147,3527324,1633770,3966987,10012248,278236058,4365708,424974610,532243,300937561,800808,254310,656846,673141,127795,171738,295649,389059,263089017,10076686,148586844,3245104,24824787,2330714824,1690024456,0,203543521,2988194652,1590640488,22.42,14.23,1608458126,54.34,47.14,1608469978,52.24,45.44,1608493681,20.01,13.44,1608509662,2020-07-21 18:03:27,4.099,2.472,93.429,0,0,0,254464,0,0,1,0,6,0.840,0.460,0.220,2050068480,121462132736,3284992,11205906432,756,42,2,0,256,0,22,0,4294963200,21-07 18:03:27,16626,3658
2020-07-21 18:03:28,20.03,44.04,9.66,0,3561,16097.213514,714,0,0,0,95431,95424,16096.322192,24874561,482345179,2953151,4686864,288543105,20114415,1388059,8123382,379712,3613669,1729676,3980310,10299593,295429864,3665239,461519669,476674,283199183,750029,139262,573819,634582,192010,230985,298171,490300,299437321,8925498,151159191,3188343,22848114,2350668382,2088141263,0,193184447,2946208838,1487597467,21.33,13.84,1608500521,52.52,46.31,1608495762,50.85,44.78,1608480497,19.36,13.38,1608470589,2020-07-21 18:03:28,4.294,2.342,93.364,0,0,0,31744,0,0,0,0,11,0.840,0.460,0.220,2048700416,121463484416,3284992,11205922816,695,0,1,0,238,0,3,0,4294963200,21-07 18:03:28,16540,3472
2020-07-21 18:03:29,20.04,44.00,9.63,0,3688,16078.386590,741,0,0,0,99483,99501,16079.840787,25455561,480784933,3000549,5059354,294416990,20899425,1625410,8752262,189171,3836690,1782735,4354622,8845595,293007455,3861289,483797130,504995,291456495,767788,144918,591538,621022,151921,197070,240096,308830,302030467,8567322,148776380,3130139,23182229,2361433828,2131600083,0,207286707,3007924311,1549685130,23.01,15.27,1609164259,54.39,48.08,1609181853,53.00,46.49,1609200456,21.00,14.74,1609221800,2020-07-21 18:03:29,3.711,3.060,93.229,0,0,0,0,0,0,1,0,7,0.840,0.460,0.220,2051637248,121461456896,3284992,11205013504,752,0,2,0,331,0,0,0,4294963200,21-07 18:03:29,16530,4398
2020-07-21 18:03:30,19.60,43.63,9.61,0,3515,16098.473458,688,0,0,0,93118,93117,16097.144604,25390085,483098248,3026468,4879597,288038032,19845923,1629294,8373326,195094,3532886,1650430,3875154,9003672,322410529,3582705,503887343,436438,293557703,702725,132068,599246,635732,166136,188644,320517,383701,291676786,8511049,151869023,3158611,22998059,2350171351,2153130526,0,204222199,3030841080,1511605799,21.80,14.20,1608338177,53.27,46.92,1608313711,51.81,45.40,1608288638,19.89,13.70,1608264415,2020-07-21 18:03:30,3.711,2.865,93.424,0,0,0,24576,0,0,0,0,8,0.860,0.460,0.220,2048999424,121463144448,3284992,11205943296,1278,0,2,0,294,0,5,0,4294963200,21-07 18:03:30,16613,4095
2020-07-21 18:03:31,20.08,44.06,9.96,0,4244,16079.120087,853,0,0,0,118881,118864,16079.362020,22597949,433614676,2887809,5498954,287964419,23611788,1642014,9351440,247070,3482045,1727465,4021750,11231268,293363824,4086536,451566551,524182,309084813,799335,164860,758299,779931,165452,241528,296312,416569,300326770,9770985,144651966,3207023,24120644,2308018422,1794454783,0,192149093,2950985070,1553634110,24.74,15.87,1608517954,55.67,48.41,1608523716,54.36,46.87,1608528465,22.32,15.27,1608532438,2020-07-21 18:03:31,4.224,2.599,93.177,0,0,0,35328,0,0,1,4,18,0.860,0.460,0.220,2049871872,121462235136,3284992,11205959680,1295,0,3,0,263,0,3,0,4294963200,21-07 18:03:31,16548,3723
2020-07-21 18:03:32,19.76,43.72,9.94,0,4437,16079.681480,936,0,0,0,127199,127199,16079.303627,23035379,414704595,2898324,5634619,306611799,23545356,1573991,9208358,189655,3346056,1698519,4500215,12091691,250518638,4671286,370059181,571053,296536295,928298,266387,680077,743226,168149,302016,355076,437586,258640918,10584505,148108971,3237803,24642604,2285474713,1564187411,0,210837022,2956220803,1568494364,25.48,16.21,1607808195,55.91,48.53,1607805468,54.42,46.80,1607853553,22.03,15.01,1607849356,2020-07-21 18:03:32,4.094,2.534,93.372,0,0,0,33280,0,0,0,0,7,0.860,0.460,0.220,2050387968,121461731328,3284992,11205971968,752,0,2,0,250,0,3,0,4294963200,21-07 18:03:32,16555,3572
2020-07-21 18:03:33,19.77,43.75,9.41,0,3450,16080.401914,684,0,0,0,92620,92624,16081.198392,23869192,450383798,2905813,4528503,275106640,20129483,1431839,8896021,141126,4070005,1576963,3881053,8743251,274944748,3860562,455190927,459924,285045540,703505,144933,495975,507799,129395,185197,266917,419787,262584107,8716383,147394478,3130552,23027439,2287175567,1934945068,0,176280358,2936274952,1511473438,18.99,12.72,1608372322,50.52,45.40,1608375768,48.68,43.80,1608324856,17.07,12.06,1608324914,2020-07-21 18:03:33,4.232,2.344,93.424,0,0,0,33280,0,0,1,0,7,0.860,0.460,0.220,2049236992,121462857728,3284992,11205992448,695,0,2,0,242,0,3,0,4294963200,21-07 18:03:33,16566,3427
2020-07-21 18:03:34,19.73,43.77,9.64,0,3617,16097.167314,716,0,0,0,95865,95863,16098.342843,25664982,487513067,3128111,4970367,299170312,21220171,1469341,8654639,173360,3395636,1784490,3962344,9281034,296269035,3489934,454108775,454222,289711268,679823,233747,556348,594614,124625,172403,282883,403253,257855221,8921697,152716589,3251169,23619432,2357477693,1970785994,0,186961163,3026183051,1540440749,20.95,13.29,1609119158,52.68,46.19,1609117230,50.95,44.60,1609120526,18.81,12.67,1609121750,2020-07-21 18:03:34,3.648,3.192,93.160,0,0,0,0,0,0,0,0,11,0.860,0.460,0.220,2050998272,121461702656,3284992,11205386240,1290,0,1,0,315,0,0,0,4294963200,21-07 18:03:34,16600,4307
2020-07-21 18:03:35,20.15,44.11,9.74,0,3637,16080.791523,742,0,0,0,100153,100162,16078.562358,25288678,469702319,2989521,5121203,293979202,20530139,1662897,8821905,192673,4168749,1928471,4104784,9309338,298230098,4276044,492690941,505902,296803989,734921,133976,626565,661401,163277,207380,226909,390185,329781499,8826130,150051622,3172573,23203516,2423162590,2164837121,0,201166151,3004198304,1573725980,23.42,15.09,1608184555,54.75,47.80,1608220250,53.00,46.17,1608218968,21.02,14.43,1608215568,2020-07-21 18:03:35,3.776,2.799,93.424,0,0,0,274432,0,0,1,0,5,0.870,0.470,0.230,2050678784,121461403648,3284992,11206004736,943,0,1,0,311,0,8,0,4294963200,21-07 18:03:35,16569,4192
2020-07-21 18:03:36,19.75,43.72,9.90,0,3960,16079.454446,799,0,0,0,107423,107412,16079.302870,23129784,448354336,2775798,5068271,282673332,20799228,1457715,8213946,172701,3298400,1647576,3963873,9589305,275259065,4023904,413344513,515094,285415857,803343,203316,704694,756490,169874,217591,311526,304427,278520234,9761073,150470932,3204315,23405351,2270058243,1835527183,0,196165495,2975612680,1475452677,22.42,14.21,1607456369,53.49,46.40,1607412638,52.05,44.89,1607405468,20.47,13.65,1607402728,2020-07-21 18:03:36,4.096,2.536,93.368,0,0,0,37888,0,0,0,0,7,0.870,0.470,0.230,2050060288,121462005760,3284992,11206021120,1364,0,2,0,262,0,5,0,4294963200,21-07 18:03:36,16597,3729
2020-07-21 18:03:37,19.81,43.80,10.05,0,4596,16081.766347,953,0,0,0,130339,130340,16084.512269,22210278,382102453,2780129,5748888,301543412,24291609,1710566,9330425,217019,3621762,1830649,4454633,11354171,279833305,4753848,400128316,588417,308914107,873061,206516,829934,905354,170358,301920,302273,452853,261606729,10651220,145539111,3354211,25079761,2257579144,1447996369,0,197094357,2893237248,1569792096,27.62,17.88,1609885754,58.75,50.47,1609909441,56.40,48.58,1609930839,24.57,17.00,1609953214,2020-07-21 18:03:37,4.288,2.404,93.307,0,0,0,33792,0,0,1,0,11,0.870,0.470,0.230,2048892928,121463156736,3284992,11206025216,1016,0,2,0,240,0,3,0,4294963200,21-07 18:03:37,16499,3493
2020-07-21 18:03:38,19.92,43.94,9.78,0,3713,16112.652156,734,0,0,0,102559,102573,16110.789032,25939876,481752670,3152980,4988741,292803453,20915317,1412451,8474514,137785,3528703,1571882,3808646,9050492,294587948,3982586,452614608,479141,288083523,740643,245700,621050,640112,134291,168776,291007,560987,287996864,9155192,150804540,3275800,23561393,2412290721,2054132259,0,195731698,3007147488,1585846098,20.67,13.36,1610579296,52.02,45.87,1610576026,50.03,44.12,1610574056,18.78,12.82,1610571712,2020-07-21 18:03:38,4.159,2.469,93.372,0,0,0,33280,0,0,0,0,6,0.870,0.470,0.230,2049200128,121462829056,3284992,11206037504,735,0,2,0,252,0,3,0,4294963200,21-07 18:03:38,16613,3610
2020-07-21 18:03:39,20.21,44.22,9.95,0,3801,16099.128765,759,0,0,0,101856,101844,16101.886160,26565312,498441792,3197914,5260858,297705161,21099301,1674331,8629811,151911,4180191,1655986,4175460,9008161,310899162,3824793,488211354,466560,291014125,720995,143928,563415,671198,187371,207421,266012,398148,325792281,8933394,150240525,3184000,23590222,2433225652,2160735631,0,206387693,3023339742,1581434554,23.75,15.22,1610051924,55.41,48.00,1610063222,53.02,46.13,1610070375,21.22,14.58,1610075740,2020-07-21 18:03:39,3.904,2.798,93.299,0,0,0,0,0,0,1,0,5,0.870,0.470,0.230,2051284992,121461653504,3284992,11205111808,1551,0,2,0,299,0,0,0,4294963200,21-07 18:03:39,16619,4013
2020-07-21 18:03:40,19.87,43.88,9.95,0,3736,16109.558746,767,0,0,0,100527,100560,16107.766471,23285913,442670276,2905765,5354761,295839749,21858342,1590936,8846687,208887,3430201,1714525,3793167,8890060,308552481,3717879,493732099,453066,296571006,705176,128460,484870,597698,108724,174991,256665,317080,309040333,8986623,151546577,3308358,23767375,2355062124,1911187015,0,198269980,3026684781,1560701549,22.53,14.71,1610359001,54.41,47.58,1610339436,52.36,45.85,1610322908,20.34,14.13,1610307720,2020-07-21 18:03:40,3.518,3.322,93.160,0,0,0,2761728,0,0,0,0,10,0.880,0.480,0.230,2052853760,121460105216,3284992,11205087232,986,0,2,0,341,0,51,0,4294963200,21-07 18:03:40,16663,4720
2020-07-21 18:03:41,19.90,43.89,9.89,0,3487,16096.514699,704,0,0,0,92506,92470,16095.140780,24037286,470486436,2864587,4529205,285891947,19493814,1386062,8567707,186867,3939963,1691063,4341949,9453785,303640151,4272933,473146476,519204,301047578,728324,214406,604687,589267,104904,191078,249283,463787,293940227,8633662,147753297,3169447,23007273,2299738545,2047145990,0,186707519,2898475020,1480418727,20.14,13.09,1608906961,51.66,45.53,1608900736,50.26,44.16,1608896376,18.78,12.75,1608888566,2020-07-21 18:03:41,4.026,2.597,93.377,0,0,0,4096,0,0,1,0,6,0.880,0.480,0.230,2050138112,121461866496,3284992,11206021120,576,0,2,0,270,0,1,0,4294963200,21-07 18:03:41,16578,3757
2020-07-21 18:03:42,20.01,43.99,10.28,0,4504,16080.234770,930,0,0,0,126371,126371,16080.486534,22020491,426577707,2702249,5820458,299896268,23404143,1694834,9071637,180185,3280788,1713292,4414015,10390757,304718032,4488588,434154939,563668,289756573,861275,171293,748832,798074,217280,224304,393608,499930,292891909,11339627,154631925,3451564,26400998,2409575007,1736418424,0,205684781,3008396317,1599437123,26.38,17.14,1607666525,57.21,49.56,1607670199,54.49,47.28,1607672726,22.71,15.89,1607679666,2020-07-21 18:03:42,4.356,2.276,93.368,0,0,0,34304,0,0,0,0,6,0.880,0.480,0.230,2048720896,121463234560,3284992,11206078464,1546,0,2,0,251,0,3,0,4294963200,21-07 18:03:42,16543,3589
2020-07-21 18:03:43,19.83,43.80,10.09,0,4328,16066.087038,920,0,0,0,124911,124930,16065.578309,24304875,421815378,2930273,5592336,300681505,22757423,1571427,8722238,202217,3534502,1692758,4639591,10657182,270445735,4757731,405095465,570684,297565069,919614,154588,709367,747909,160911,208204,322897,373095,299959304,10606773,155101398,3249982,25018724,2392665276,1787981347,0,216504043,3049203044,1605741995,24.34,15.77,1607236661,56.30,48.80,1607231584,54.13,46.91,1607228948,21.84,15.11,1607224730,2020-07-21 18:03:43,4.221,2.532,93.247,0,0,0,33792,0,0,1,0,12,0.880,0.480,0.230,2048561152,121463414784,3284992,11206090752,2920,0,2,0,256,0,3,0,4294963200,21-07 18:03:43,16504,3733
2020-07-21 18:03:44,20.03,44.00,9.79,0,3713,16079.697049,736,0,0,0,101694,101675,16080.271442,23286441,449507454,2990482,5199040,285592169,21709147,1465995,8736224,208875,3400107,1678668,3722123,8765496,268394499,3800362,466495936,491543,293325264,745134,126405,572926,568166,128861,164355,326896,405583,291636870,9274754,151122184,3205838,23360335,2378393256,1925428971,0,204409137,3043851880,1587700128,22.36,14.57,1608087467,53.44,47.05,1608089889,51.92,45.59,1608089931,20.08,13.80,1608088779,2020-07-21 18:03:44,4.353,2.404,93.242,0,0,0,4096,0,0,0,0,8,0.880,0.480,0.230,2049044480,121462906880,3284992,11206103040,628,0,2,0,255,0,1,0,4294963200,21-07 18:03:44,16597,3569
2020-07-21 18:03:45,20.65,44.64,9.85,0,3708,16081.244905,746,0,0,0,102060,102081,16082.800278,23623459,469084018,2914710,5377772,293441203,22351370,1522897,9060259,226020,3639218,1683872,4084222,9214516,290876255,3898205,500009480,472669,304069830,720968,122556,592314,619633,174530,228117,321361,424604,280381780,9308406,147516963,3184815,23484655,2395127102,1987780727,0,205811831,2940634138,1555378507,23.30,15.00,1608391105,54.68,47.70,1608415762,52.75,45.89,1608441002,20.76,14.20,1608466949,2020-07-21 18:03:45,3.578,3.188,93.234,0,0,0,32256,0,0,1,0,7,0.890,0.490,0.230,2050011136,121462870016,3284992,11205181440,635,0,2,0,332,0,2,0,4294963200,21-07 18:03:45,16641,4394
2020-07-21 18:03:46,20.64,44.63,9.86,0,3754,16096.586644,761,0,0,0,100979,100983,16094.471896,23583641,464495850,3081568,4882454,290533918,21618615,1489116,9088215,224514,3786650,1641093,3841618,9145071,302393016,3844980,511012919,469823,312517048,775242,151059,644500,659310,132683,209094,265888,329393,289767870,10572014,145740286,3275402,23159110,2358947666,1896620584,0,201032458,2881608487,1542447975,22.90,14.96,1609281816,54.28,47.56,1609254528,52.54,45.82,1609227284,20.13,14.04,1609222748,2020-07-21 18:03:46,3.906,2.799,93.294,0,0,0,34304,0,0,0,0,11,0.890,0.490,0.230,2047377408,121466417152,3284992,11204268032,572,0,1,0,331,0,2,0,4294963200,21-07 18:03:46,16606,4476
2020-07-21 18:03:47,20.45,44.42,9.88,0,3713,16081.332018,756,0,0,0,100024,100000,16082.738487,25971172,507940041,3230072,5361667,300802250,21972577,1634767,8847639,542148,3958688,1727747,4024862,8990880,285763057,3765276,497952719,484772,306382926,732106,130711,712418,719141,136230,187894,235578,342326,299040568,8715649,143170200,3051772,21971751,2374707603,2215130162,0,212864521,2932154663,1557523106,23.51,15.20,1608087998,54.55,47.58,1608114890,53.26,46.09,1608139224,21.06,14.53,1608140514,2020-07-21 18:03:47,4.224,2.274,93.502,0,0,0,4096,0,0,1,0,6,0.890,0.490,0.230,2048905216,121463029760,3284992,11206135808,1295,0,1,0,256,0,2,0,4294963200,21-07 18:03:47,16570,3642
2020-07-21 18:03:48,19.62,43.60,10.17,0,4425,16094.442877,913,0,0,0,124632,124631,16093.353828,21641981,409129035,2730751,5421375,290712639,22950067,1538872,8796356,200505,3397471,1737697,4519111,10033012,279973971,4301182,412483647,519245,288514220,873056,151488,712592,737608,216183,226856,331673,465882,281877831,11803809,155005696,3376949,25593456,2295686953,1589660885,0,200633259,3069762383,1549549017,24.39,16.03,1608468192,56.13,48.74,1608446881,54.40,46.98,1608427345,22.38,15.32,1608408496,2020-07-21 18:03:48,4.167,2.409,93.424,0,0,0,35328,0,0,0,0,6,0.890,0.490,0.230,2049302528,121462607872,3284992,11206144000,1062,0,2,0,263,0,6,0,4294963200,21-07 18:03:48,16546,3687
2020-07-21 18:03:49,20.08,44.06,10.00,0,4372,16080.901313,922,0,0,0,122462,122480,16080.372171,23315848,415931149,3129091,5731078,300476971,24197391,1603270,9531818,234076,3533993,1625637,4024711,10754140,320912809,4428150,466970562,491784,326269162,915588,162931,665695,690253,166815,221079,292099,421186,271325913,11573660,150572498,3267113,24097403,2340233976,1628947108,0,211400830,2994854824,1611057945,24.63,15.65,1608769729,56.72,48.59,1608801180,54.92,47.03,1608794089,22.09,14.86,1608786879,2020-07-21 18:03:49,4.280,2.594,93.126,0,0,0,4096,0,0,1,0,10,0.890,0.490,0.230,2050904064,121460989952,3284992,11206156288,1066,0,2,0,245,0,1,0,4294963200,21-07 18:03:49,16441,3618
2020-07-21 18:03:50,20.58,44.59,9.93,0,3686,16095.958438,743,0,0,0,101837,101837,16097.002611,26347836,481640917,3253290,5298069,299150374,21210243,1423074,8408278,157858,3384920,1643911,3758120,9225817,260020545,3927471,453444281,460728,285051960,731939,305442,644161,656771,155018,179496,259933,492818,298974754,8946278,147291071,3242575,23507245,2425249741,2002586144,0,198071835,3009049574,1630487225,21.84,14.32,1609722508,53.66,47.02,1609689588,51.67,45.31,1609697757,19.40,13.58,1609706237,2020-07-21 18:03:50,4.288,2.469,93.242,0,0,0,3624960,0,0,0,0,6,0.900,0.500,0.240,2053369856,121459449856,3284992,11205242880,507,0,2,0,269,0,37,0,4294963200,21-07 18:03:50,16673,3736
2020-07-21 18:03:51,20.61,44.61,9.69,0,3640,16096.604276,724,0,0,0,99933,99920,16095.907525,24612505,473797827,3202581,5514035,302464398,22786379,1573730,8980108,206374,3552734,1664889,4082439,8579949,316917634,3481870,502478791,432342,295082478,671192,127981,565975,576755,116136,166904,251350,333777,297266397,9291311,144654320,3194317,22875870,2348178520,1917073682,0,194535458,2981166227,1604452582,22.26,14.49,1608841999,53.98,47.03,1608837718,51.99,45.32,1608830120,20.28,13.84,1608824085,2020-07-21 18:03:51,3.451,3.255,93.294,0,0,0,26112,0,0,1,0,6,0.900,0.500,0.240,2052739072,121460064256,3284992,11205259264,1414,0,2,0,341,0,2,0,4294963200,21-07 18:03:51,16625,4580
2020-07-21 18:03:52,20.55,44.53,9.75,0,3730,16080.948401,755,0,0,0,102240,102242,16080.871321,26512570,486350088,3269352,5344948,296238372,22414766,1584291,8989968,178859,3513855,1675001,4213290,9290862,336158159,3798446,524348833,474117,308366879,722500,208698,611735,726759,331714,189024,251482,324339,283748337,8755088,142881128,3152758,22764562,2366565317,2069534287,0,198045108,2886294735,1575428604,22.51,14.56,1608451766,53.95,46.90,1608452741,51.90,45.12,1608454622,20.20,13.78,1608494141,2020-07-21 18:03:52,3.966,2.666,93.368,0,0,0,4096,0,0,0,0,11,0.900,0.500,0.240,2051543040,121460322304,3284992,11206189056,700,0,2,0,302,0,1,0,4294963200,21-07 18:03:52,16567,4090
2020-07-21 18:03:53,20.64,44.62,9.84,0,3703,16067.841830,748,0,0,0,101933,101944,16068.491467,25937506,516127333,3165916,5217697,308894422,21490197,1533330,9247107,452580,3956282,1689294,4505460,10322884,286905368,3965380,480574170,508585,301982684,766237,134185,677631,700897,200236,209529,293264,304695,315940516,9017232,146976773,3069580,23407619,2400626009,2173043528,0,210669805,2924077935,1553362539,23.64,14.91,1606629355,55.08,47.59,1606627791,52.98,45.81,1606629359,21.06,14.06,1606591084,2020-07-21 18:03:53,4.159,2.469,93.372,0,0,0,34304,0,0,1,0,6,0.900,0.500,0.240,2050252800,121461272576,3284992,11206516736,731,0,2,0,267,0,3,0,4294963200,21-07 18:03:53,16583,3709
2020-07-21 18:03:54,19.98,43.96,10.15,0,4405,16092.747384,912,0,0,0,125405,125387,16092.259224,22006294,441825834,2782276,5695784,291928094,23741627,1564858,9065064,338094,3402906,1672537,4387232,10228931,307461333,4456797,443654818,542820,291421503,845752,174498,705566,743380,214445,300682,312956,426187,302883947,10449723,169116388,3285278,25321229,2589744350,1765891849,0,193726632,3356940062,1746872155,24.71,15.96,1609415871,56.14,48.76,1609415426,54.53,47.08,1609436763,22.67,15.53,1609463370,2020-07-21 18:03:54,4.353,2.404,93.242,0,0,0,4096,0,0,0,0,6,0.900,0.500,0.240,2050478080,121461354496,3284992,11206213632,668,0,2,0,266,0,1,0,4294963200,21-07 18:03:54,16516,3675
2020-07-21 18:03:55,20.00,44.00,9.91,0,4321,16083.026474,913,0,0,0,124690,124690,16083.899128,24541826,446561724,3039257,5476998,311867843,23584974,1539834,9288826,346955,3612857,1680695,4513361,11002845,257411921,4573169,395278946,540167,296038797,888537,154661,677382,706050,217231,263570,362778,442357,275215521,10667599,154535066,3295324,25232118,2413635800,1763278064,0,221721618,3027880328,1605676005,24.76,15.75,1609079762,56.29,48.68,1609100271,54.05,46.82,1609097748,22.15,15.10,1609091658,2020-07-21 18:03:55,4.288,2.599,93.112,0,0,0,37888,0,0,1,0,12,0.910,0.510,0.240,2049773568,121462050816,3284992,11206221824,1650,0,2,0,253,0,5,0,4294963200,21-07 18:03:55,16597,3612
2020-07-21 18:03:56,19.58,43.58,9.78,0,3541,16097.265752,669,0,0,0,93487,93504,16098.765174,23393004,441004667,2874194,5125649,285970273,20730319,1497051,8565844,179044,3841658,1704382,3549193,8248724,271135947,3487279,450840709,415132,269494163,680852,111064,507968,507720,95374,133183,192202,341341,294409206,8415450,148834008,3132869,22216716,2314632189,2035740729,0,191060714,3051919971,1531527230,20.62,13.45,1609773442,51.51,45.70,1609764634,49.96,44.38,1609758766,18.26,12.92,1609751448,2020-07-21 18:03:56,4.164,2.472,93.364,0,0,0,30720,0,0,0,0,7,0.910,0.510,0.240,2053439488,121459310592,3284992,11205292032,572,0,2,0,276,0,2,0,4294963200,21-07 18:03:56,16623,3774
